path,checksum_db_a,library,zone
/Volumes/RECOVERY_TARGET/Root/FINAL_LIBRARY/!!!/(2015) As If/!!! - (2015) As If - 10. Lucy Mongoosey.flac,NOT_SCANNED,recovery,accepted
/Volumes/RECOVERY_TARGET/Root/FINAL_LIBRARY/ALOTT × Wankelmut × Enny-Mae/(2022) You and I/ALOTT × Wankelmut × Enny-Mae - (2022) You and I - 01. You and I.flac,streaminfo:321478609310139204698378156999024506174,recovery,accepted
/Volumes/RECOVERY_TARGET/Root/FINAL_LIBRARY/ANOHNI and the Johnsons - (2005) I Am A Bird Now - 07. Fistful of Love.flac,38a23b7e6035ba8b915f872e6175f863062dd900ce6d22fe5c7bc56d52d0ad5d,recovery,accepted
/Volumes/RECOVERY_TARGET/Root/FINAL_LIBRARY/Aalson/(2022) Oddes/Aalson - (2022) Oddes - 01. Oddes.flac,streaminfo:249479152246789323984326421961364175125,recovery,accepted
/Volumes/RECOVERY_TARGET/Root/FINAL_LIBRARY/Adam Beyer & Eli Brown/(2024) Overdose of Bass/Adam Beyer & Eli Brown - (2024) Overdose of Bass - 01. Overdose of Bass.flac,streaminfo:125689311075804676261539193302186546051,recovery,accepted
/Volumes/RECOVERY_TARGET/Root/FINAL_LIBRARY/Alan Braxe & Fred Falke/(2000) Running/Alan Braxe & Fred Falke - (2000) Running - 02. Most Wanted.flac,streaminfo:179128892040199470047679072611494728807,recovery,accepted
/Volumes/RECOVERY_TARGET/Root/FINAL_LIBRARY/Alan Fitzpatrick & Joyhauser/(2024) Craving/Alan Fitzpatrick & Joyhauser - (2024) Craving - 01. Craving.flac,streaminfo:333083457687403873015740761181450791415,recovery,accepted
"/Volumes/RECOVERY_TARGET/Root/FINAL_LIBRARY/Alanis Morissette - (2015) Jagged Little Pill (collector's edition) - 43. You Learn (live at Subterranea, London 09-28-95).flac",755e6eed8d96fa7ec77db39d4b1e9c5b321aa9c25a75b3fd65d8fbf5c610622d,recovery,accepted
"/Volumes/RECOVERY_TARGET/Root/FINAL_LIBRARY/Alanis Morissette - (2015) Jagged Little Pill (collector's edition) - 44. Forgiven (live at Subterranea, London 09-28-95).flac",9b1a6f409b9f2af776752fa0b13eeea101781d5dd5376be6818b484c92f49653,recovery,accepted
"/Volumes/RECOVERY_TARGET/Root/FINAL_LIBRARY/Alanis Morissette - (2015) Jagged Little Pill (collector's edition) - 45. You Oughta Know (live at Subterranea, London 09-28-95).flac",0f2fa8dac5077ffe630387cfdf653303dc086f768728f0cb6f9260d2dafabd42,recovery,accepted
"/Volumes/RECOVERY_TARGET/Root/FINAL_LIBRARY/Alanis Morissette - (2015) Jagged Little Pill (collector's edition) - 47. Head Over Feet (live at Subterranea, London 09-28-95).flac",8aeab9217bb07b6544cc23bff783ec89b69077a55caa728b692f2885512c43b0,recovery,accepted
/Volumes/RECOVERY_TARGET/Root/FINAL_LIBRARY/Alex G/(2017) Sportstar (Porches Remix)/Alex G - (2017) Sportstar (Porches Remix) - 02. Sportstar (Porches remix).flac,streaminfo:182137950593910958421706333080096948253,recovery,accepted
/Volumes/RECOVERY_TARGET/Root/FINAL_LIBRARY/Alex Preston/(2021) Love You Better/Alex Preston - (2021) Love You Better - 01. Love You Better.flac,streaminfo:217694615627887809077762274999197546083,recovery,accepted
/Volumes/RECOVERY_TARGET/Root/FINAL_LIBRARY/Alice Merton/(2017) No Roots/Alice Merton - (2017) No Roots - 01. No Roots.flac,streaminfo:28900649538600169554852152611975877383,recovery,accepted
/Volumes/RECOVERY_TARGET/Root/FINAL_LIBRARY/Ally Bakst/(2024) i want it/Ally Bakst - (2024) i want it - 01. i want it.flac,streaminfo:271548568127014660551524441766212658481,recovery,accepted
/Volumes/RECOVERY_TARGET/Root/FINAL_LIBRARY/Aloe Blacc/(2024) Rock My Soul꞉ Volume II/Aloe Blacc - (2024) Rock My Soul꞉ Volume II - 04. Everybody Hurts.flac,streaminfo:215913245523497266773218681399084400375,recovery,accepted
/Volumes/RECOVERY_TARGET/Root/FINAL_LIBRARY/Altın Gün/(2019) Gelin Halayı ∕ Dıv Dıv/Altın Gün - (2019) Gelin Halayı ∕ Dıv Dıv - 01. Gelin Helayi.flac,streaminfo:318607068744173089410509309669183486621,recovery,accepted
/Volumes/RECOVERY_TARGET/Root/FINAL_LIBRARY/Altın Gün/(2024) Bir Sigara İç Oğlan/Altın Gün - (2024) Bir Sigara İç Oğlan - 01. Bir Sigara İç Oğlan.flac,streaminfo:155519398039216339487222716719422253063,recovery,accepted
/Volumes/RECOVERY_TARGET/Root/FINAL_LIBRARY/Amber Mark/(2017) 3꞉33am/Amber Mark - (2017) 3꞉33am - 02. Lose My Cool.flac,streaminfo:40439473679456981083338582536722731463,recovery,accepted
/Volumes/RECOVERY_TARGET/Root/FINAL_LIBRARY/Amelie Lens/(2023) Feel It/Amelie Lens - (2023) Feel It - 01. Feel It.flac,streaminfo:334655207601269522036385513126302456953,recovery,accepted
/Volumes/RECOVERY_TARGET/Root/FINAL_LIBRARY/Amtrac & Samuel T. Herring/(2022) Domino/Amtrac & Samuel T. Herring - (2022) Domino - 01. Domino.flac,streaminfo:290165680000585731997992976658004890783,recovery,accepted
/Volumes/RECOVERY_TARGET/Root/FINAL_LIBRARY/Andre Crom  Chris Carrier - (2011) Get Back to the Raw - 01-03. Tainted Rose.flac,885ce4d1e78cf166ffcb49c3f8e04bf315707b20d79972b0b78c89cd8ab8dc63,recovery,accepted
"/Volumes/RECOVERY_TARGET/Root/FINAL_LIBRARY/Andrew Bird - (2024) Sunday Morning Put-On - 08. Softly, as in a Morning Sunrise.flac",55eeb83a6ec39a6ca880748e1743ffe7844fb7454669d5ae9232c3c17982f57f,recovery,accepted
/Volumes/RECOVERY_TARGET/Root/FINAL_LIBRARY/Andrew Huang feat. Peter Hollens/(2017) Find Me/Andrew Huang feat. Peter Hollens - (2017) Find Me - 01. Find Me.flac,streaminfo:337172567383904243552832159652761543498,recovery,accepted
/Volumes/RECOVERY_TARGET/Root/FINAL_LIBRARY/Anette Party feat. Anita Coke ∕ Patlac/(2011) Moreno ∕ Twilight/Anette Party feat. Anita Coke ∕ Patlac - (2011) Moreno ∕ Twilight - 01. Moreno.flac,streaminfo:78565949193044454555797184566058624675,recovery,accepted
/Volumes/RECOVERY_TARGET/Root/FINAL_LIBRARY/Anja Schneider/(2014) Dubmission/Anja Schneider - (2014) Dubmission - 01. Dubmission.flac,streaminfo:119936386174404184637255627825347314412,recovery,accepted
/Volumes/RECOVERY_TARGET/Root/FINAL_LIBRARY/Anja Schneider/(2017) All I See (Radio Edit)/Anja Schneider - (2017) All I See (Radio Edit) - 01. All I See (Radio Edit).flac,streaminfo:243431291319989705968626933368883983348,recovery,accepted
/Volumes/RECOVERY_TARGET/Root/FINAL_LIBRARY/Ann Lee/(2007) 2 Times (The Purple Mixes)/Ann Lee - (2007) 2 Times (The Purple Mixes) - 01. 2 Times (F & A Factor. Funky Spice remix).flac,streaminfo:151454585306744838869879273776464661048,recovery,accepted
/Volumes/RECOVERY_TARGET/Root/FINAL_LIBRARY/Annural Khalid & Toshi/(2023) Love Again/Annural Khalid & Toshi - (2023) Love Again - 01. Love Again.flac,streaminfo:317373833579583323976987381364754961619,recovery,accepted
"/Volumes/RECOVERY_TARGET/Root/FINAL_LIBRARY/Anouar Brahem, Anja Lechner, Django Bates & Dave Holland - (2025) After the Last Sky - 01. Remembering Hind (1).flac",47258f4459dfb7ddff25ab839da63a3080cc0f3e0f920206a5c4c5ac9950ddf0,recovery,accepted
"/Volumes/RECOVERY_TARGET/Root/FINAL_LIBRARY/Anouar Brahem, Anja Lechner, Django Bates & Dave Holland - (2025) After the Last Sky - 04. The Eternal Olive Tree (1).flac",ad4b91c60c9deab10170e346dadaefb902ea3200bdeffee4f039ef7fbcff2e09,recovery,accepted
"/Volumes/RECOVERY_TARGET/Root/FINAL_LIBRARY/Anouar Brahem, Anja Lechner, Django Bates & Dave Holland - (2025) After the Last Sky - 06. In the Shade of Your Eyes.flac",b060f1a8ba106976353dda7a04600aec4dacb6d6084fed519be637fa377e46d9,recovery,accepted
"/Volumes/RECOVERY_TARGET/Root/FINAL_LIBRARY/Anouar Brahem, Anja Lechner, Django Bates & Dave Holland - (2025) After the Last Sky - 07. Dancing Under the Meteorites.flac",6bf3445426b5ce42570e100202b1dc08742f596c356ac37c1d5dd72d8437febe,recovery,accepted
"/Volumes/RECOVERY_TARGET/Root/FINAL_LIBRARY/Arctic Monkeys - (2006) Whatever People Say I Am, That's What I'm Not - 02. I Bet You Look Good on the Dancefloor (1).flac",e15ef93f4c02c07ed6edba2e9c5d930f6d1bf50218242a002ca4d4444a9f032e,recovery,accepted
"/Volumes/RECOVERY_TARGET/Root/FINAL_LIBRARY/Arctic Monkeys - (2006) Whatever People Say I Am, That's What I'm Not - 05. You Probably Couldn't See for the Lights but You Were Staring Straight at Me (1).flac",3cf2db46bc22b52bc99541e35018610c4f479c667348bb968bf4379a7e468149,recovery,accepted
"/Volumes/RECOVERY_TARGET/Root/FINAL_LIBRARY/Arctic Monkeys - (2006) Whatever People Say I Am, That's What I'm Not - 08. Red Light Indicates Doors Are Secured (1).flac",6989177a599c36a35ab1c464dfd05793bb88ef4e38950c6f3a5e418923f72981,recovery,accepted
"/Volumes/RECOVERY_TARGET/Root/FINAL_LIBRARY/Arctic Monkeys - (2006) Whatever People Say I Am, That's What I'm Not - 10. Perhaps Vampires Is a Bit Strong But... (1).flac",aaf723cb7932a3b8966e7f89c7f11a12eefb9ee1280e74a13fb59561bda1c237,recovery,accepted
/Volumes/RECOVERY_TARGET/Root/FINAL_LIBRARY/Aya Matsuura/(2022) Addicted/Aya Matsuura - (2022) Addicted - 01. Addicted.flac,streaminfo:313246016235808123599373099583321965789,recovery,accepted
/Volumes/RECOVERY_TARGET/Root/FINAL_LIBRARY/BADBADNOTGOOD & Little Dragon/(2018) Tried/BADBADNOTGOOD & Little Dragon - (2018) Tried - 01. Tried.flac,streaminfo:194776889146436098757599803717186170876,recovery,accepted
"/Volumes/RECOVERY_TARGET/Root/FINAL_LIBRARY/BC Camplight - (2006) Hide, Run Away - 02. Blood and Peanut Butter (1).flac",344e1b5c1bd23ff5716efc08dcdda8eca67c6279e5f3471b2ec82994ca86ce47,recovery,accepted
"/Volumes/RECOVERY_TARGET/Root/FINAL_LIBRARY/BC Camplight - (2006) Hide, Run Away - 04. Hide, Run Away.flac",6bc6d18a1f86b0e8153f60e6012350dae080297e5e77bbe64968d86bf45bec37,recovery,accepted
"/Volumes/RECOVERY_TARGET/Root/FINAL_LIBRARY/BC Camplight - (2006) Hide, Run Away - 07. Oranges in Winter.flac",3bc71cdb85f149484c0aca9920b5f5ca15a14aafe94939c20891701abae8415b,recovery,accepted
"/Volumes/RECOVERY_TARGET/Root/FINAL_LIBRARY/BC Camplight - (2006) Hide, Run Away - 09. La la La.flac",b3967f49a6da791041fa03971f6f0c8588bc9a8b30fc8bc70995659f04ec5c66,recovery,accepted
"/Volumes/RECOVERY_TARGET/Root/FINAL_LIBRARY/BC Camplight - (2006) Hide, Run Away - 10. Richard Dawson (1).flac",7b71a67411664485c3b3d177874fea5562c40695cba7caab4c81c4c377946dc7,recovery,accepted
/Volumes/RECOVERY_TARGET/Root/FINAL_LIBRARY/BC Camplight - (2015) How to Die in the North - 08. Lay Me on the Floor (1).flac,b8b915435e2e7f87c115531b5f054173128afa4537430f3f6d898f9910f6c0e4,recovery,accepted
/Volumes/RECOVERY_TARGET/Root/FINAL_LIBRARY/BC Camplight - (2018) Deportation Blues - 03. Hell or Pennsylvania (1).flac,b5523a6534d258c7e4faa76ab007213b0ed23aad3b4362cf09d2ba91dd7526e1,recovery,accepted
/Volumes/RECOVERY_TARGET/Root/FINAL_LIBRARY/BC Camplight - (2018) Deportation Blues - 04. I'm Desperate.flac,6eeb6ed0989d8b6704c17a6da3f4d0c8fa37d2e66743b92cab66f02dfe8a1e63,recovery,accepted
/Volumes/RECOVERY_TARGET/Root/FINAL_LIBRARY/BC Camplight - (2020) Shortly After Takeoff - 04. Cemetery Lifestyle (1).flac,405131345850438e883126b147ae993410a26e8a66e4979366b267ff97b0191d,recovery,accepted
/Volumes/RECOVERY_TARGET/Root/FINAL_LIBRARY/BC Camplight - (2020) Shortly After Takeoff - 05. I Want to Be in the Mafia (1).flac,751d471984a743c19d55b2a46f7e1eea4d7514f0c0696d913b8ba70f7060f2d1,recovery,accepted
/Volumes/RECOVERY_TARGET/Root/FINAL_LIBRARY/BC Camplight - (2020) Shortly After Takeoff - 07. Arm Around Your Sadness.flac,4e9fe5535251eedea530ac9c825801cd10892b2d9f0bfce6339917479c6a928a,recovery,accepted
/Volumes/RECOVERY_TARGET/Root/FINAL_LIBRARY/BC Camplight - (2023) The Last Rotation of Earth - 01. The Last Rotation of Earth.flac,f58f8637f690255061ac8051de2f030ec360fbd48cee0b40be6071c160e780f3,recovery,accepted
/Volumes/RECOVERY_TARGET/Root/FINAL_LIBRARY/BC Camplight/(2025) A Sober Conversation/BC Camplight - (2025) A Sober Conversation - 05. Where You Taking My Baby?.flac,streaminfo:119176998834190328245469936052312424660,recovery,accepted
"/Volumes/RECOVERY_TARGET/Root/FINAL_LIBRARY/Baauer, Channel Tres & Danny Brown - (2019) READY TO GO - 01. READY TO GO (1).flac",75fcc7bc7a7a26056fbd839c60d7b01981e915cef1ae6a2af9cf087b20f87fc3,recovery,accepted
/Volumes/RECOVERY_TARGET/Root/FINAL_LIBRARY/Bad Business Club/(2019) Letters from Phnom Penh/Bad Business Club - (2019) Letters from Phnom Penh - 02. Letters from Phnom Penh (Dub Version).flac,streaminfo:84288217985441480895824728928399968141,recovery,accepted
/Volumes/RECOVERY_TARGET/Root/FINAL_LIBRARY/Bag Raiders - (2010) Bag Raiders - 03. Shooting Stars (3).flac,656b6e1eea1c4488ff45b8664d8a42aea29c206f901252dfcc037bb9d55900b1,recovery,accepted
/Volumes/RECOVERY_TARGET/Root/FINAL_LIBRARY/Bag Raiders - (2010) Bag Raiders - 10. Golden Wings (1).flac,658271875cd08f1e8ac1501e37fb76f321c97e071a69c03ec011df35b429fdbf,recovery,accepted
/Volumes/RECOVERY_TARGET/Root/FINAL_LIBRARY/Bag Raiders - (2010) Bag Raiders - 17. Strangers On The Roof (1).flac,1e10b1cc5ac3b2bc51520f6cb9788e93b66254dc3f0db73e21ce5cb8874918f5,recovery,accepted
/Volumes/RECOVERY_TARGET/Root/FINAL_LIBRARY/Bag Raiders - (2010) Bag Raiders - 23. Not Over (Eli Escobar remix) (1).flac,84f85ca9661858e7eff5d03ec7cb753d6e399eff6d772e34282ef98ddea81847,recovery,accepted
/Volumes/RECOVERY_TARGET/Root/FINAL_LIBRARY/Barcoder - (2023) Quarantine - 02. Cold Carves My Flesh.flac,04bd247fbe28adea387c9c333a18866bd8c6d0a212e52a48fe7d04a281e17861,recovery,accepted
/Volumes/RECOVERY_TARGET/Root/FINAL_LIBRARY/Barcoder - (2023) Quarantine - 03. Schizophrenic Economic (1).flac,73475827d526b07f8cf832f0130c7ff0b1c280b2ebc10714b9c0737b73bb08fb,recovery,accepted
/Volumes/RECOVERY_TARGET/Root/FINAL_LIBRARY/Bedtime Beats - (2022) Spectrals - EP - 01. Dark Side of My Room.flac,30ad281194a8643e8113c5e1b2325b570534e359dd489ebecbd6aa9a1d5ee460,recovery,accepted
/Volumes/RECOVERY_TARGET/Root/FINAL_LIBRARY/Beirut - (2007) The Flying Club Cup - 09. In the Mausoleum.flac,aa1309a17d28553a140b42d2f9d6946bfa0833fe370a94c7af416850e7d8ff49,recovery,accepted
/Volumes/RECOVERY_TARGET/Root/FINAL_LIBRARY/Beirut - (2025) A Study of Losses - 07. Mare Imbrium (1).flac,295bc7192fefdfdb2ee292c52b3e29ca1e58f57f85e69c2354ebdc7ead86fb93,recovery,accepted
/Volumes/RECOVERY_TARGET/Root/FINAL_LIBRARY/Bicep/(2020) Atlas/Bicep - (2020) Atlas - 01. Atlas.flac,streaminfo:162996780022084012378828923877293101669,recovery,accepted
/Volumes/RECOVERY_TARGET/Root/FINAL_LIBRARY/Big Mama Thornton - (1989) Ball n' Chain - 01. Sweet Little Angel.flac,6c5805ed31dae0fc09baaac7258699445b74347ae1ea598f8bdad6dcbc82b4c0,recovery,accepted
"/Volumes/RECOVERY_TARGET/Root/FINAL_LIBRARY/Bill Callahan & Bonnie ""Prince"" Billy ∕ Johnnie Frierson/(2021) Miracles (single)/Bill Callahan & Bonnie ""Prince"" Billy ∕ Johnnie Frierson - (2021) Miracles (single) - 02. Miracles.flac",streaminfo:15066004677025685587708495431488154552,recovery,accepted
"/Volumes/RECOVERY_TARGET/Root/FINAL_LIBRARY/Black Country, New Road - (2025) Forever Howlong - 09. Nancy Tries to Take the Night.flac",d450fe5dc7365240e5292cfb873ff226e94086093f7459ed66aad71f5ece6ed2,recovery,accepted
"/Volumes/RECOVERY_TARGET/Root/FINAL_LIBRARY/Black Country, New Road - (2025) Forever Howlong - 10. Forever Howlong.flac",52b295b8c0ccbd641ac9f67268834a1c115476c630339ec496cdf76d0b57915e,recovery,accepted
/Volumes/RECOVERY_TARGET/Root/FINAL_LIBRARY/Blood Orange - (2013) Cupid Deluxe - 08. Always Let U Down (1).flac,483d8daa7b83ae594472bd7e2569daf6c16251a3dea6f119c3d92040de3ace84,recovery,accepted
/Volumes/RECOVERY_TARGET/Root/FINAL_LIBRARY/Blur - (2014) Parklife - 11. Trouble in the Message Centre.flac,6324ed8ccb085f8a351094e3d6112ea9f1c5ec7ffa2ebd95b3eda196a8b7a2a0,recovery,accepted
/Volumes/RECOVERY_TARGET/Root/FINAL_LIBRARY/Blur - (2014) Parklife - 15. This Is a Low.flac,2cc6c6e944c2a5361591937f7b01ef2fc6afea0614947c5a18bbe3d559260b7c,recovery,accepted
/Volumes/RECOVERY_TARGET/Root/FINAL_LIBRARY/Body Count & David Gilmour/(2024) Comfortably Numb/Body Count & David Gilmour - (2024) Comfortably Numb - 01. Comfortably Numb.flac,streaminfo:60239283649059215789193520670980591098,recovery,accepted
/Volumes/RECOVERY_TARGET/Root/FINAL_LIBRARY/Bon Entendeur - (2020) Aller-retour - 05. La Rua Madueira.flac,1d9bc3b656c6897766de1321671bb1ca0b016f968bd5234c2cf49684bd8c83be,recovery,accepted
/Volumes/RECOVERY_TARGET/Root/FINAL_LIBRARY/Bon Entendeur - (2020) Aller-retour - 06. Entrevue Experience.flac,cf3bcabbe185e78ca79c294477f369a8b56007cc614fb79dcd5d3102ff54dce4,recovery,accepted
/Volumes/RECOVERY_TARGET/Root/FINAL_LIBRARY/Bon Entendeur - (2020) Aller-retour - 11. L'amour joue au violon.flac,725ff4e017fbe3eb895f6718ae4454b24a61537537ff1c8346ef39a20636e1bd,recovery,accepted
"/Volumes/RECOVERY_TARGET/Root/FINAL_LIBRARY/Bon Entendeur - (2020) Aller-retour - 12. Mes amis, mes copains.flac",f66eb03289ce19ebd65d6f936f38d176d170abc2bf0d65b14100486bdb20be9a,recovery,accepted
"/Volumes/RECOVERY_TARGET/Root/FINAL_LIBRARY/Bon Iver - (2008) For Emma, Forever Ago - 02. Lump Sum.flac",b369642c2fe78c326c602170b5ab2c47193a787d7e3d988d9a1fe88aec5c29dd,recovery,accepted
"/Volumes/RECOVERY_TARGET/Root/FINAL_LIBRARY/Bon Iver - (2008) For Emma, Forever Ago - 03. Skinny Love.flac",53c5701b5adfc0502a54b6f9829495cc8650e63125f78f8ca3f47407dfd7bf80,recovery,accepted
"/Volumes/RECOVERY_TARGET/Root/FINAL_LIBRARY/Bon Iver - (2008) For Emma, Forever Ago - 08. For Emma (1).flac",c909e4f4e82f22fd8e71972374b09250d4d6b0e587833b6f919b1e83e0ac4676,recovery,accepted
"/Volumes/RECOVERY_TARGET/Root/FINAL_LIBRARY/Bon Iver - (2016) 22, a Million - 01. 22 (OVER S∞∞N).flac",16a0582ed19f0546b79af83a92e13458093954a611de28f27409fb9483bc651b,recovery,accepted
"/Volumes/RECOVERY_TARGET/Root/FINAL_LIBRARY/Bon Iver - (2025) SABLE, fABLE - 02. S P E Y S I D E (1).flac",bbe23d317af5448255999048583f5d4c9da2f18156b42f1449b41fad575ffa1c,recovery,accepted
"/Volumes/RECOVERY_TARGET/Root/FINAL_LIBRARY/Bon Iver - (2025) SABLE, fABLE - 11. There's a Rhythmn (1).flac",7414bb6f66bef2f606b1592f6c3c3cacdfef5866ef660975aa63427b5e5eb5d5,recovery,accepted
/Volumes/RECOVERY_TARGET/Root/FINAL_LIBRARY/Bon Iver/(2020) Blood Bank/Bon Iver - (2020) Blood Bank - 04. Woods.flac,f49f8a0acf8b9b3d51ad0c4d96ee5038fd30d73ad8616e8775580a0f6792d2b8,recovery,accepted
/Volumes/RECOVERY_TARGET/Root/FINAL_LIBRARY/Bonobo & TEED/(2020) Heartbreak ∕ 6000 Ft/Bonobo & TEED - (2020) Heartbreak ∕ 6000 Ft - 02. 6000 Ft.flac,streaminfo:192116932378703730599039201726149794381,recovery,accepted
/Volumes/RECOVERY_TARGET/Root/FINAL_LIBRARY/Booka Shade - (2025) For Real - 05. P.I.N. 4 (edit).flac,efccf84148665d8bfa7efe7e17dbde9f311dfa656d704276ba43834e352336b9,recovery,accepted
/Volumes/RECOVERY_TARGET/Root/FINAL_LIBRARY/Booka Shade - (2025) For Real - 07. Virtual Face.flac,e896e6fce929df888686c55bf65864494d345725385e64f0d8c9144eb908dcbf,recovery,accepted
/Volumes/RECOVERY_TARGET/Root/FINAL_LIBRARY/Booka Shade - (2025) For Real - 08. (Neon Lights) They Glow.flac,646f63568083f5fac54a0bd799af1f3ab20811703828ebb4b2a78031122b228f,recovery,accepted
/Volumes/RECOVERY_TARGET/Root/FINAL_LIBRARY/Boris Brejcha - (2008) Lost Memory - 01. Lost Memory.flac,80e8acac1a4e01072a63e7e0df3dd8495f99700568fae23932fe8f519414a5d9,recovery,accepted
/Volumes/RECOVERY_TARGET/Root/FINAL_LIBRARY/Boris Brejcha - (2014) Feuerfalter - Special Edition - 01-04. The Madness (1).flac,f45e2bbbb4285178c74af554cf3b3091e27f41d9a35636184b9248901747611b,recovery,accepted
/Volumes/RECOVERY_TARGET/Root/FINAL_LIBRARY/Boris Brejcha - (2014) Feuerfalter - Special Edition - 01-05. I Will Blast Your Mind (1).flac,cf0d1741a8b40d382d1c18ce430a0ff94b623f9e93aa2ce9b5d26f987ad3a65d,recovery,accepted
/Volumes/RECOVERY_TARGET/Root/FINAL_LIBRARY/Boris Brejcha - (2014) Feuerfalter - Special Edition - 01-06. Paniklevel (1).flac,a9ae55ef721beda8999ab90d00394e2be787ec46abbd16155ba89247637cb10f,recovery,accepted
/Volumes/RECOVERY_TARGET/Root/FINAL_LIBRARY/Boris Brejcha - (2014) Feuerfalter - Special Edition - 02-06. Vampire (1).flac,9ccedd0daace07444c08104e7da0915bcc83d251cead5c4cfbe423e3f9f7c8f3,recovery,accepted
/Volumes/RECOVERY_TARGET/Root/FINAL_LIBRARY/Boris Brejcha - (2020) Space Diver - 05. Space Diver (1).flac,877a4753a924a837baa09d85615f1193bf8e8d4f679a5118095d0ddb8e1b8944,recovery,accepted
/Volumes/RECOVERY_TARGET/Root/FINAL_LIBRARY/Boris Brejcha - (2020) Space Diver - 07. Blue Lake (1).flac,61a563041d1d252553fd0af9934582cefbbe8c27a3836018fdb7376e0a6e1b71,recovery,accepted
/Volumes/RECOVERY_TARGET/Root/FINAL_LIBRARY/Boris Brejcha - (2021) Never Stop Dancing - 04. Twisted Reality (1).flac,2245dd2c87bdbf36097382bf312fddb44c7db69faf510c4fd35b78f66d06814f,recovery,accepted
/Volumes/RECOVERY_TARGET/Root/FINAL_LIBRARY/Burial + Four Tet/(2022) Nova∕Moth/Burial + Four Tet - (2022) Nova∕Moth - 02. Moth.flac,streaminfo:302985820399318616507184948754357194943,recovery,accepted
/Volumes/RECOVERY_TARGET/Root/FINAL_LIBRARY/CHANEY & Candi Staton/(2024) Lose My Number/CHANEY & Candi Staton - (2024) Lose My Number - 01. Lose My Number.flac,streaminfo:205885726772376207000955744257477793384,recovery,accepted
"/Volumes/RECOVERY_TARGET/Root/FINAL_LIBRARY/Carl Craig & Moritz von Oswald - (2008) ReComposed: New Mixes by Ricardo Villalobos & Carl Craig EP - 01. Villalobos ""Uli, Mein Ponyhof"" RMX.flac",87f30ecc72be5ccd492339756bb497edd3f0e0db544882b82ceeb923ae3809ed,recovery,accepted
/Volumes/RECOVERY_TARGET/Root/FINAL_LIBRARY/Carl Craig/(1998) DJ-Kicks꞉ Carl Craig/Carl Craig - (1998) DJ-Kicks꞉ Carl Craig - 14. Electroluv.flac,NOT_SCANNED,recovery,accepted
/Volumes/RECOVERY_TARGET/Root/FINAL_LIBRARY/Cass McCombs - (2025) Interior Live Oak - 08. A Girl Named Dogie.flac,fd19ef99d0dc926e67f9c171ec8b9dd66f48d9525ff92092a90ce1fb78710d85,recovery,accepted
/Volumes/RECOVERY_TARGET/Root/FINAL_LIBRARY/Cass McCombs - (2025) Interior Live Oak - 15. Strawberry Moon.flac,58c8d31cde07d8939f9eb27f2cea7f1e831d5bc081ffd187e10fd92132b4fa5b,recovery,accepted
/Volumes/RECOVERY_TARGET/Root/FINAL_LIBRARY/Cassius/(2016) Au Rêve/Cassius - (2016) Au Rêve - 17. The Sound of Violence (Cosmo Vitelli remix).flac,streaminfo:266624851781531633135802751059728563183,recovery,accepted
/Volumes/RECOVERY_TARGET/Root/FINAL_LIBRARY/Channel Tres/(2022) refresh/Channel Tres - (2022) refresh - 02. Willow.flac,NOT_SCANNED,recovery,accepted
/Volumes/RECOVERY_TARGET/Root/FINAL_LIBRARY/Chloé Caillet/(2024) Here To Make You Smiile/Chloé Caillet - (2024) Here To Make You Smiile - 04. Everybody.flac,streaminfo:262377224039025585551812298488527206914,recovery,accepted
/Volumes/RECOVERY_TARGET/Root/FINAL_LIBRARY/Clark/(1998) DJ-Kicks꞉ Carl Craig/Clark - (1998) DJ-Kicks꞉ Carl Craig - 05. Jak to Basics.flac,streaminfo:171382550891301049597545249055866037853,recovery,accepted
/Volumes/RECOVERY_TARGET/Root/FINAL_LIBRARY/Clio & Kay/(2022) Singles Collection/Clio & Kay - (2022) Singles Collection - 03. I Like To Party (Prod. by Roberto Ferrante - 2022 Remaster).flac,streaminfo:87574808725472887054481623786499787263,recovery,accepted
/Volumes/RECOVERY_TARGET/Root/FINAL_LIBRARY/Clio & Kay/(2022) Singles Collection/Clio & Kay - (2022) Singles Collection - 05. Move Your Body (Prod. by Roberto Ferrante - 2022 Remaster).flac,streaminfo:41744331317471365207345335930192887783,recovery,accepted
/Volumes/RECOVERY_TARGET/Root/FINAL_LIBRARY/Clio & Kay/(2022) Singles Collection/Clio & Kay - (2022) Singles Collection - 06. Let's Go Back (Prod. by Roberto Ferrante - 2022 Remaster).flac,streaminfo:66837531064648704495113242296518512392,recovery,accepted
/Volumes/RECOVERY_TARGET/Root/FINAL_LIBRARY/Coxinella/(2022) Gnawatronica EP/Coxinella - (2022) Gnawatronica EP - 01. Gnawatronica.flac,streaminfo:2067840590160858465863371605982605208,recovery,accepted
/Volumes/RECOVERY_TARGET/Root/FINAL_LIBRARY/Coxinella/(2022) Gnawatronica EP/Coxinella - (2022) Gnawatronica EP - 02. Boulila.flac,streaminfo:188606353007619752082664749684401521653,recovery,accepted
/Volumes/RECOVERY_TARGET/Root/FINAL_LIBRARY/Crazy P/(2012) Live in London 2012/Crazy P - (2012) Live in London 2012 - 01. Open for Service - Live.flac,streaminfo:262278635525686055349349972183200526836,recovery,accepted
/Volumes/RECOVERY_TARGET/Root/FINAL_LIBRARY/Crazy P/(2012) Live in London 2012/Crazy P - (2012) Live in London 2012 - 09. Future Beat - Live.flac,streaminfo:123280221506865714523164373833664320617,recovery,accepted
/Volumes/RECOVERY_TARGET/Root/FINAL_LIBRARY/DJ Koze/(2025) Music Can Hear Us/DJ Koze - (2025) Music Can Hear Us - 13. Buschtaxi.flac,streaminfo:120316915129912567232159746580846190434,recovery,accepted
/Volumes/RECOVERY_TARGET/Root/FINAL_LIBRARY/David August/(2016) J.B.Y. ∕ Ouvert/David August - (2016) J.B.Y. ∕ Ouvert - 01. J.B.Y.flac,streaminfo:268354142329817615085728703630041215800,recovery,accepted
/Volumes/RECOVERY_TARGET/Root/FINAL_LIBRARY/David August/(2016) The Spell/David August - (2016) The Spell - 01. The Spell.flac,streaminfo:277442120768608445561086943733670851265,recovery,accepted
/Volumes/RECOVERY_TARGET/Root/FINAL_LIBRARY/David August/(2016) The Spell/David August - (2016) The Spell - 02. A Golden Rush.flac,streaminfo:241738020961134178129902942337848723694,recovery,accepted
/Volumes/RECOVERY_TARGET/Root/FINAL_LIBRARY/Deep Purple/(2024) Smoke on the Water (2024 remix)/Deep Purple - (2024) Smoke on the Water (2024 remix) - 01. Smoke on the Water (2024 remix).flac,streaminfo:241025147020397769854717144370068949159,recovery,accepted
/Volumes/RECOVERY_TARGET/Root/FINAL_LIBRARY/Disclosure/(2020) Expressing What Matters (single)/Disclosure - (2020) Expressing What Matters (single) - 01. Expressing What Matters.flac,streaminfo:113686645847198807107549558430359208117,recovery,accepted
/Volumes/RECOVERY_TARGET/Root/FINAL_LIBRARY/Disclosure/(2021) Big Tree Energy/Disclosure - (2021) Big Tree Energy - 03. My High (edit).flac,streaminfo:63142521220287938330706854738496786702,recovery,accepted
/Volumes/RECOVERY_TARGET/Root/FINAL_LIBRARY/Disclosure/(2021) Big Tree Energy/Disclosure - (2021) Big Tree Energy - 05. Lavender.flac,streaminfo:38039593189570701854716495604414707530,recovery,accepted
/Volumes/RECOVERY_TARGET/Root/FINAL_LIBRARY/Disclosure/(2021) Record Bag EP/Disclosure - (2021) Record Bag EP - 01. Feel Like I Do.flac,streaminfo:272470399127355202798512413602973291095,recovery,accepted
/Volumes/RECOVERY_TARGET/Root/FINAL_LIBRARY/Ela Minus/(2025) DÍA/Ela Minus - (2025) DÍA - 10. COMBAT.flac,streaminfo:269441343337615076062555440209675658764,recovery,accepted
/Volumes/RECOVERY_TARGET/Root/FINAL_LIBRARY/Ernesto Targa/(1997) Burnin'/Ernesto Targa - (1997) Burnin' - 02. Il fuoco (Italian edit).flac,streaminfo:260553933688399133579405112232721860180,recovery,accepted
/Volumes/RECOVERY_TARGET/Root/FINAL_LIBRARY/Farben/(2022) Textstar+/Farben - (2022) Textstar+ - 05. farben Says As Long As There's Love Around.flac,NOT_SCANNED,recovery,accepted
/Volumes/RECOVERY_TARGET/Root/FINAL_LIBRARY/Fiona Apple/(2025) Pretrial (Let Her Go Home)/Fiona Apple - (2025) Pretrial (Let Her Go Home) - 01. Pretrial (Let Her Go Home).flac,streaminfo:169362181295334789597259287763712542116,recovery,accepted
/Volumes/RECOVERY_TARGET/Root/FINAL_LIBRARY/France Gall/(2024) Plus haut/France Gall - (2024) Plus haut - 25. Hong-Kong star (Remastérisé en 2004).flac,streaminfo:332014359307364410927582553440052770821,recovery,accepted
/Volumes/RECOVERY_TARGET/Root/FINAL_LIBRARY/G.O.D. Pt. III & Twiz the Beat Pro feat. Killer Ben/(2019) Quarantine/G.O.D. Pt. III & Twiz the Beat Pro feat. Killer Ben - (2019) Quarantine - 12. Truth or Dare.flac,streaminfo:43351128835825140633935769731550447531,recovery,accepted
/Volumes/RECOVERY_TARGET/Root/FINAL_LIBRARY/G.O.D. Pt. III & Twiz the Beat Pro feat. Prodigal Sunn & Born Divine/(2019) Quarantine/G.O.D. Pt. III & Twiz the Beat Pro feat. Prodigal Sunn & Born Divine - (2019) Quarantine - 08. Glass House.flac,streaminfo:253287035567106809272401848713839824455,recovery,accepted
/Volumes/RECOVERY_TARGET/Root/FINAL_LIBRARY/GHEIST/(2024) Everything Is Right (single)/GHEIST - (2024) Everything Is Right (single) - 01. Everything Is Right.flac,NOT_SCANNED,recovery,accepted
/Volumes/RECOVERY_TARGET/Root/FINAL_LIBRARY/GW Harrison/(2020) Hear My Soul/GW Harrison - (2020) Hear My Soul - 01. Hear My Soul.flac,c206eaabd2dc0198b83510b8bcd2b98be7fa51600e4f62a058a4f0a71092ab79,recovery,accepted
/Volumes/RECOVERY_TARGET/Root/FINAL_LIBRARY/Gene Dunlap featuring The Ridgeways/(1981) It's Just The Way I Feel/Gene Dunlap featuring The Ridgeways - (1981) It's Just The Way I Feel - 06. It's Just The Way I Feel.flac,streaminfo:86610526353153634108235831883419628561,recovery,accepted
/Volumes/RECOVERY_TARGET/Root/FINAL_LIBRARY/Harlem Zip Code/(2003) Penultimate (single)/Harlem Zip Code - (2003) Penultimate (single) - 01. Fling Up Your Wig (extended).flac,streaminfo:83274904481526699950759081919426859136,recovery,accepted
/Volumes/RECOVERY_TARGET/Root/FINAL_LIBRARY/Hot Chip/(2012) How Do You Do?/Hot Chip - (2012) How Do You Do? - 02. How Do You Do? (Todd Terje remix).flac,streaminfo:207433325030354276038939506396937930916,recovery,accepted
/Volumes/RECOVERY_TARGET/Root/FINAL_LIBRARY/Hot Chip/(2012) How Do You Do?/Hot Chip - (2012) How Do You Do? - 05. How Do You Do? (James Zabiela remix).flac,streaminfo:143463986202527441359698578380026437063,recovery,accepted
/Volumes/RECOVERY_TARGET/Root/FINAL_LIBRARY/Joe Goddard feat. SLO/(2017) Ordinary Madness (RAC mix)/Joe Goddard feat. SLO - (2017) Ordinary Madness (RAC mix) - 03. Ordinary Madness (RAC mix) [dub].flac,streaminfo:222775225165196944411519211344503453637,recovery,accepted
"/Volumes/RECOVERY_TARGET/Root/FINAL_LIBRARY/Johann Sebastian Bach; Angela Hewitt - (2000) Goldberg Variations - 02. Goldberg Variations, BWV 988: Variation 1.flac",cf80f8ff34e73d544bf89aea6e53a65e79dafe10ca58d1b51523e271d8c5d773,recovery,accepted
"/Volumes/RECOVERY_TARGET/Root/FINAL_LIBRARY/Johann Sebastian Bach; Angela Hewitt - (2000) Goldberg Variations - 07. Goldberg Variations, BWV 988: Variation 6.flac",ea4df356d4ac46707949b90b0c59d55e2f5012de86cf9ede4f415137bb8eb996,recovery,accepted
"/Volumes/RECOVERY_TARGET/Root/FINAL_LIBRARY/Johann Sebastian Bach; Angela Hewitt - (2000) Goldberg Variations - 09. Goldberg Variations, BWV 988: Variation 8.flac",ec207c3b5f476babc4107999979f7a5e682f40f4cc2377a940939a9f9900df58,recovery,accepted
"/Volumes/RECOVERY_TARGET/Root/FINAL_LIBRARY/Johann Sebastian Bach; Angela Hewitt - (2000) Goldberg Variations - 10. Goldberg Variations, BWV 988: Variation 9.flac",5d967f37ab741b29df123b0b8841c16f24d8918106161223018e4bea9dccd7c6,recovery,accepted
"/Volumes/RECOVERY_TARGET/Root/FINAL_LIBRARY/Johann Sebastian Bach; Angela Hewitt - (2000) Goldberg Variations - 11. Goldberg Variations, BWV 988: Variation 10.flac",2b06ad33682138557ed17a8d9f1b6af48c7bb0d7643ac1c4439decec354df58f,recovery,accepted
"/Volumes/RECOVERY_TARGET/Root/FINAL_LIBRARY/Johann Sebastian Bach; Angela Hewitt - (2000) Goldberg Variations - 14. Goldberg Variations, BWV 988: Variation 13 (1).flac",da805699fd3845abf05253ac5490762048d935ec2fff77bea9214bcf8d76ab83,recovery,accepted
"/Volumes/RECOVERY_TARGET/Root/FINAL_LIBRARY/Johann Sebastian Bach; Angela Hewitt - (2000) Goldberg Variations - 16. Goldberg Variations, BWV 988: Variation 15.flac",a0fa4447efa03ecbf4618e28161b0b86a0dadeed3c9435fdae77dbdcf2c569ae,recovery,accepted
"/Volumes/RECOVERY_TARGET/Root/FINAL_LIBRARY/Johann Sebastian Bach; Angela Hewitt - (2000) Goldberg Variations - 17. Goldberg Variations, BWV 988: Variation 16.flac",d00fbe1f4177dbae87b9352bdccd32ae1e9546bc18407345012483365f4de84c,recovery,accepted
"/Volumes/RECOVERY_TARGET/Root/FINAL_LIBRARY/Johann Sebastian Bach; Angela Hewitt - (2000) Goldberg Variations - 21. Goldberg Variations, BWV 988: Variation 20 (1).flac",3b893405c0e3d063bea2eaa700c666cadafc54a8c961f224e5c72756fc7b7e99,recovery,accepted
"/Volumes/RECOVERY_TARGET/Root/FINAL_LIBRARY/Johann Sebastian Bach; Angela Hewitt - (2000) Goldberg Variations - 26. Goldberg Variations, BWV 988: Variation 25.flac",9176840848faa81fe29c41e21dd1b93e3ac0f7fd1c57f4beb397506cd1b844eb,recovery,accepted
"/Volumes/RECOVERY_TARGET/Root/FINAL_LIBRARY/Johann Sebastian Bach; Angela Hewitt - (2000) Goldberg Variations - 28. Goldberg Variations, BWV 988: Variation 27.flac",fe4a5f87f356655576d9adc100213d631db969c64ef4fd1a8e2081aa50660db7,recovery,accepted
"/Volumes/RECOVERY_TARGET/Root/FINAL_LIBRARY/Johann Sebastian Bach; Angela Hewitt - (2000) Goldberg Variations - 29. Goldberg Variations, BWV 988: Variation 28.flac",e2d115fdb7cd3dba9f78ef0cc830d1d8698701f2e13d1100744dfa9d176d9aea,recovery,accepted
"/Volumes/RECOVERY_TARGET/Root/FINAL_LIBRARY/Johann Sebastian Bach; Angela Hewitt - (2000) Goldberg Variations - 30. Goldberg Variations, BWV 988: Variation 29.flac",1c7380795ed6cf1fe17213a87c67e8bbc55d28aea54e0f21a6f04c9b3bb6efc3,recovery,accepted
"/Volumes/RECOVERY_TARGET/Root/FINAL_LIBRARY/Johann Sebastian Bach; Bob van Asperen - (1999) Harpsichord Concertos - 02-11. Concerto in A major, BWV 1055: II. Larghetto (1).flac",8478f5f2bc6a2f47c80402c4fe54912aea2fd1bf54d9f9d75a3bac1f4573280a,recovery,accepted
"/Volumes/RECOVERY_TARGET/Root/FINAL_LIBRARY/Jon Cutler, E-man/(2017) Glitterbox Mixtape 002 (hosted by Melvo Baptiste)/Jon Cutler, E-man - (2017) Glitterbox Mixtape 002 (hosted by Melvo Baptiste) - 03. It's Yours (feat. E-Man) [Joey Negro Remix] [Mixed]__788f89cc.flac",streaminfo:250397347593094110997303339671249302481,recovery,accepted
/Volumes/RECOVERY_TARGET/Root/FINAL_LIBRARY/Lovage/(2001) Nathaniel Merriweather Presents... Lovage꞉ Music to Make Love to Your Old Lady By/Lovage - (2001) Nathaniel Merriweather Presents... Lovage꞉ M__091785dc.flac,streaminfo:236933375669752464812864695281563754034,recovery,accepted
/Volumes/RECOVERY_TARGET/Root/FINAL_LIBRARY/Melotron/(1999) Mörderwerk/Melotron - (1999) Mörderwerk - 03. Glühendes Spiel.flac,streaminfo:27198180105164297688860353318291528176,recovery,accepted
"/Volumes/RECOVERY_TARGET/Root/FINAL_LIBRARY/Miguel Campbell/(2021) Models, Girls & Stars (Reprise) - Single/Miguel Campbell - (2021) Models, Girls & Stars (Reprise) - Single - 01. Models, Girls & Stars (Reprise).flac",NOT_SCANNED,recovery,accepted
/Volumes/RECOVERY_TARGET/Root/FINAL_LIBRARY/Mike Posner - (XXXX) One Foot Out the Door - 04. You Don't Have to Leave.fixed.flac,7993717b351d721f31c3f5f8d1d5f8fd1d29b5e6c9496cf9f3dc783b275fae9d,recovery,accepted
"/Volumes/RECOVERY_TARGET/Root/FINAL_LIBRARY/Moods, HIGH HØØPS/(2019) Comfortable/Moods, HIGH HØØPS - (2019) Comfortable - 02. Comfortable (Kraak & Smaak Hangmat Remix).flac",streaminfo:1155594118447888282662379335341304834,recovery,accepted
/Volumes/RECOVERY_TARGET/Root/FINAL_LIBRARY/NewDad/(2024) Just Like Heaven (Live at BBC Maida Vale)/NewDad - (2024) Just Like Heaven (Live at BBC Maida Vale) - 01. Just Like Heaven (Live at BBC Maida Vale).flac,streaminfo:194766763124258565767986060792006208924,recovery,accepted
/Volumes/RECOVERY_TARGET/Root/FINAL_LIBRARY/Nile Delta/(2010) Channel ∕ All This/Nile Delta - (2010) Channel ∕ All This - 01. Channel.flac,streaminfo:222129162891553348943573107818795514225,recovery,accepted
/Volumes/RECOVERY_TARGET/Root/FINAL_LIBRARY/Parcels/(2021) Day∕Night/Parcels - (2021) Day∕Night - 02. Free.flac,NOT_SCANNED,recovery,accepted
/Volumes/RECOVERY_TARGET/Root/FINAL_LIBRARY/Paris Green/(2017) Get Physical presents꞉ Amsterdam Gets Physical 2017 - Compiled & Mixed by Paris Green/Paris Green - (2017) Get Physical presents꞉ Amsterdam Gets P__91568734.flac,NOT_SCANNED,recovery,accepted
/Volumes/RECOVERY_TARGET/Root/FINAL_LIBRARY/Patrice Bäumel/(2016) Speicher 89/Patrice Bäumel - (2016) Speicher 89 - 02. Surge.flac,streaminfo:50844174205065697668071554879944599008,recovery,accepted
/Volumes/RECOVERY_TARGET/Root/FINAL_LIBRARY/Patrick Wolf/(2007) The Magic Position/Patrick Wolf - (2007) The Magic Position - 02. On Sussex Downs.flac,streaminfo:83403841053383174363600041624111055199,recovery,accepted
/Volumes/RECOVERY_TARGET/Root/FINAL_LIBRARY/Peter Thomas/(1998) Kriminalfilmmusik/Peter Thomas - (1998) Kriminalfilmmusik - 20. Smoothly Organ ∕ Traitor's Growl.flac,streaminfo:301125177232761356005711054273678402611,recovery,accepted
/Volumes/RECOVERY_TARGET/Root/FINAL_LIBRARY/Pretty Pink/(2020) Suvi/Pretty Pink - (2020) Suvi - 01. Suvi.flac,streaminfo:150848124397868878049985836321999800971,recovery,accepted
"/Volumes/RECOVERY_TARGET/Root/FINAL_LIBRARY/Prospa & Skream/(2024) Skream b2b Prospa at Circoloco in New York, Halloween 2024/Prospa & Skream - (2024) Skream b2b Prospa at Circoloco in New York, Halloween 2024 - 20. Bass Up to the Top.flac",streaminfo:39052302285611216814865382739452821499,recovery,accepted
/Volumes/RECOVERY_TARGET/Root/FINAL_LIBRARY/R.E.M/(2021) New Adventures in Hi‐Fi/R.E.M - (2021) New Adventures in Hi‐Fi - 08. Bittersweet Me.flac,streaminfo:1941900592838008310532181682811023406,recovery,accepted
/Volumes/RECOVERY_TARGET/Root/FINAL_LIBRARY/R.E.M/(2021) New Adventures in Hi‐Fi/R.E.M - (2021) New Adventures in Hi‐Fi - 10. Binky the Doormat.flac,streaminfo:175025581005284710514262696753066430197,recovery,accepted
/Volumes/RECOVERY_TARGET/Root/FINAL_LIBRARY/R.E.M/(2021) New Adventures in Hi‐Fi/R.E.M - (2021) New Adventures in Hi‐Fi - 13. Low Desert.flac,streaminfo:99331006730785900930298837007028534115,recovery,accepted
/Volumes/RECOVERY_TARGET/Root/FINAL_LIBRARY/Red Hot Chili Peppers/(2014) The Studio Album Collection 1991–2011/Red Hot Chili Peppers - (2014) The Studio Album Collection 1991–2011 - 17. They’re Red Hot.flac,streaminfo:158351859903299475040599171580138887563,recovery,accepted
/Volumes/RECOVERY_TARGET/Root/FINAL_LIBRARY/Rikas/(2020) Overthinking/Rikas - (2020) Overthinking - 01. Overthinking.flac,streaminfo:114800012896677364010153339214994540047,recovery,accepted
/Volumes/RECOVERY_TARGET/Root/FINAL_LIBRARY/Rinky Dinky/(2021) Bake A Cake/Rinky Dinky - (2021) Bake A Cake - 01. Bake A Cake.flac,streaminfo:29725019848712179898565958995597063480,recovery,accepted
/Volumes/RECOVERY_TARGET/Root/FINAL_LIBRARY/Rocco Raimundo/(2012) On the Rocks/Rocco Raimundo - (2012) On the Rocks - 01. Keep on Keepin On.flac,streaminfo:25081760230394345317538270013950704339,recovery,accepted
/Volumes/RECOVERY_TARGET/Root/FINAL_LIBRARY/Rosalyn Tureck/(2022) Bach - Goldberg Variations & Well Tempered Clavier/Rosalyn Tureck - (2022) Bach - Goldberg Variations & Well Te__284ca0cd.flac,NOT_SCANNED,recovery,accepted
/Volumes/RECOVERY_TARGET/Root/FINAL_LIBRARY/Saint Levant/(2025) Love Letters ∕ رسائل حب/Saint Levant - (2025) Love Letters ∕ رسائل حب - 01. DALOONA ∕ دلعونة.flac,streaminfo:142094372479764695960195410878781693374,recovery,accepted
/Volumes/RECOVERY_TARGET/Root/FINAL_LIBRARY/Saint Levant/(2025) Love Letters ∕ رسائل حب/Saint Levant - (2025) Love Letters ∕ رسائل حب - 06. EXILE ∕ معاكي.flac,streaminfo:98501015376562288015908402544290798395,recovery,accepted
/Volumes/RECOVERY_TARGET/Root/FINAL_LIBRARY/Shawn Christopher/(0008) Glitterbox Radio Episode 005 (presented by Melvo Baptiste)/Shawn Christopher - (0008) Glitterbox Radio Episode 005 (presented by Melvo Baptiste) - 11. You Can Make It (B's Preacher-Man Mix) [Mixed]__b31314e4.flac,streaminfo:144284402344834669318983285999085952563,recovery,accepted
/Volumes/RECOVERY_TARGET/Root/FINAL_LIBRARY/Shygirl/(2025) Room 2 RMX EP/Shygirl - (2025) Room 2 RMX EP - 01. Je M'appelle.flac,streaminfo:327490791298085366861661348376427676816,recovery,accepted
/Volumes/RECOVERY_TARGET/Root/FINAL_LIBRARY/Soundtrack/(1994) Quarantine/Soundtrack - (1994) Quarantine - 01. [data track].flac,streaminfo:269638842714052838161149510056493139240,recovery,accepted
/Volumes/RECOVERY_TARGET/Root/FINAL_LIBRARY/Soundtrack/(1994) Quarantine/Soundtrack - (1994) Quarantine - 09. Weak Will.flac,streaminfo:117047408247547932637220385321890992436,recovery,accepted
/Volumes/RECOVERY_TARGET/Root/FINAL_LIBRARY/Soundtrack/(1994) Quarantine/Soundtrack - (1994) Quarantine - 12. Now You Know.flac,streaminfo:38039593189570701854716495604414707530,recovery,accepted
/Volumes/RECOVERY_TARGET/Root/FINAL_LIBRARY/Sunny & the Sunliners/(2018) The One Who's Hurting Is You b∕w Should I Take You Home/Sunny & the Sunliners - (2018) The One Who's Hurting Is You __dba8b048.flac,streaminfo:293921212860245798445870162629265935157,recovery,accepted
/Volumes/RECOVERY_TARGET/Root/FINAL_LIBRARY/Talking Flowers/(2023) Storytelling (single)/Talking Flowers - (2023) Storytelling (single) - 01. Storytelling.flac,streaminfo:120631259428665762451085617070831258476,recovery,accepted
/Volumes/RECOVERY_TARGET/Root/FINAL_LIBRARY/The Buddy Rich Big Band - (2001) Keep the Customer Satisfied - 12. Groovin' Hard (alternate take).flac,e6c773ae3497bc44d54b651c1d43869463fb54ad121b27b584f20cdba3602b5e,recovery,accepted
/Volumes/RECOVERY_TARGET/Root/FINAL_LIBRARY/The Corrs - (2001) Best of The Corrs - 15. Everybody Hurts (MTV Unplugged version) (1).flac,0c61333f4dfe3a8a5f339e9ac2a29c137d810df6a6dbe31de774a32f4e590544,recovery,accepted
/Volumes/RECOVERY_TARGET/Root/FINAL_LIBRARY/The Octagon Man/(1998) DJ-Kicks꞉ Carl Craig/The Octagon Man - (1998) DJ-Kicks꞉ Carl Craig - 02. Teasing the Dragon's Tail.flac,streaminfo:42838499844536221203292911476621228466,recovery,accepted
/Volumes/RECOVERY_TARGET/Root/FINAL_LIBRARY/The Second Band - (2006) Your Dark Side Is on the Phone - 01. Wild Is the Wind.flac,1b161c1033e31713c58124ccd24598fcb9bedd8b125ebdbb036cdef8328284d8,recovery,accepted
"/Volumes/RECOVERY_TARGET/Root/FINAL_LIBRARY/The Shapeshifters, Kimberly Davis/(0008) Glitterbox Radio Episode 005 (presented by Melvo Baptiste)/The Shapeshifters, Kimberly Davis - (0008) Glitterbox Radio Episode 005 (presented by Melvo Baptiste) - 02. Life Is A Dancefloor (feat. Kimberly Davis) __d556aae2.flac",streaminfo:75827657502524108293361300190564778224,recovery,accepted
/Volumes/RECOVERY_TARGET/Root/FINAL_LIBRARY/The xx - (2013) Hivern Remixes - 02. Reunion (Mistakes Are OK remix) (2).flac,4871f097f4f3f2ab612673c9d604dabdf230f6b93757a78de222c1aa7736ed7e,recovery,accepted
/Volumes/RECOVERY_TARGET/Root/FINAL_LIBRARY/The xx - (2013) Innervisions Remixes - 03. Fiction (Marcus Worgull remix) (1).flac,e0ffefd6158ce962df1f75d906287931c38741ff3ca43802c4cd380cf0c3af8c,recovery,accepted
/Volumes/RECOVERY_TARGET/Root/FINAL_LIBRARY/The xx - (2013) Jamie xx Edits - 02. Reconsider (Jamie xx edit) (1).flac,dcf568c5f62a006ed7b1331bb8253d6329f02602b3e519c1fb8f576d27b4e8a0,recovery,accepted
/Volumes/RECOVERY_TARGET/Root/FINAL_LIBRARY/The xx - (2013) Reunion (Edu Imbernon remix) - 01. Reunion (Edu Imbernon remix) (1).flac,7984f54834c73dccc3e116ae4dd672660a69b7339b2aa745b8609a7831de242c,recovery,accepted
/Volumes/RECOVERY_TARGET/Root/FINAL_LIBRARY/The xx/(2013) Fiction (single)/The xx - (2013) Fiction (single) - 04. Fiction (Maya Jane Coles remix).flac,streaminfo:332407829511840443496917795916421497977,recovery,accepted
/Volumes/RECOVERY_TARGET/Root/FINAL_LIBRARY/The xx/(2013) Hivern Remixes/The xx - (2013) Hivern Remixes - 01. Fiction (Marc Piñol remix).flac,f8bde5f7efdf7ef881d3e6b6fe4b3aa2d929a045d76083bde0b949200000e455,recovery,accepted
/Volumes/RECOVERY_TARGET/Root/FINAL_LIBRARY/The xx/(2013) Innervisions Remixes/The xx - (2013) Innervisions Remixes - 02. Tides (Dixon remix).flac,c03066f5b29e3076173f850054f942c9c83e80dbb280fe15ac874fce7d1f7d75,recovery,accepted
/Volumes/RECOVERY_TARGET/Root/FINAL_LIBRARY/The xx/(2018) Remixes/The xx - (2018) Remixes - 02. Chained (John Talabot and Pional Blinded remix).flac,0739c4608550bba3bf41cc0e29e5649d1b1feec5a36aa7c76ce2f5139913adf5,recovery,accepted
/Volumes/RECOVERY_TARGET/Root/FINAL_LIBRARY/The xx/(2022) Coexist/The xx - (2022) Coexist - 12. Angels (live).flac,47d3ffe27bf9cd612e91ae1c7c2208f4df98bd1994a6927e7826eb29a87e68cb,recovery,accepted
/Volumes/RECOVERY_TARGET/Root/FINAL_LIBRARY/Thieves/(2010) Don't Turn It Off Remixes/Thieves - (2010) Don't Turn It Off Remixes - 04. Don't Turn It Off (Greg Wilson instrumental edit).flac,streaminfo:161007399619836850156792813574688718879,recovery,accepted
/Volumes/RECOVERY_TARGET/Root/FINAL_LIBRARY/Tiger Stripes - (2025) Say Yeah EP - EP - 01. Say Yeah.flac,2c7cba61329d9a1e6e970c0da196eed6f6106654da9af5bd7d52fbdc2b6e16fd,recovery,accepted
/Volumes/RECOVERY_TARGET/Root/FINAL_LIBRARY/Tiger Stripes - (2025) Say Yeah EP - EP - 02. J's Track.flac,5e1dbfd281416fc527f768b71a15b89c933d6a4ec5cfa404fc471238737add0f,recovery,accepted
/Volumes/RECOVERY_TARGET/Root/FINAL_LIBRARY/Tiger Stripes - (2025) Say Yeah EP - EP - 03. A Tiger Never Loses it's Stripes.flac,b70f0b5d8f0293941351dbd0cc94e7d4c0b3b5b0d39438e977bb1d47cfa8db7d,recovery,accepted
/Volumes/RECOVERY_TARGET/Root/FINAL_LIBRARY/Tommy Vicari Jnr/(2016) Pascià/Tommy Vicari Jnr - (2016) Pascià - 03. Pascià (Voodoo Effect Mix).flac,streaminfo:213909577025450937436753256832698495750,recovery,accepted
/Volumes/RECOVERY_TARGET/Root/FINAL_LIBRARY/Tymon Balakirev ∕ The DJ Producer/(2011) Never Look Back ∕ The Difference Between/Tymon Balakirev ∕ The DJ Producer - (2011) Never Look Back ∕ The Difference Between - 01. Never Look Back.flac,streaminfo:250440803474453693666806614555069052011,recovery,accepted
"/Volumes/RECOVERY_TARGET/Root/FINAL_LIBRARY/Urban Blues Project, Jay Williams/(0007) Glitterbox Radio Episode 004 (presented by Melvo Baptiste)/Urban Blues Project, Jay Williams - (0007) Glitterbox Radio Episode 004 (presented by Melvo Baptiste) - 11. Testify (The U.B.P. Sunday Vocal) [Mixed]__1c8cbdb7.flac",streaminfo:176074791694400187579201577765306162758,recovery,accepted
/Volumes/RECOVERY_TARGET/Root/FINAL_LIBRARY/Various Artists/(2006) Beneath the Surface/Various Artists - (2006) Beneath the Surface - 06. Catdinr42.flac,streaminfo:210812894873349855284753391206974586561,recovery,accepted
/Volumes/RECOVERY_TARGET/Root/FINAL_LIBRARY/Various Artists/(2021) Brown Sugar Babe/Various Artists - (2021) Brown Sugar Babe - 15. Tadow.flac,streaminfo:265729189997183142966609937278906045859,recovery,accepted
/Volumes/RECOVERY_TARGET/Root/FINAL_LIBRARY/Various Artists/(2023) Nova 40 ans de Grand Mix/Various Artists - (2023) Nova 40 ans de Grand Mix - 25. This Land Is Your Land.flac,streaminfo:307874359478099093838594241951671756364,recovery,accepted
/Volumes/RECOVERY_TARGET/Root/FINAL_LIBRARY/Voces8 - (2019) Enchanted Isle - 09. Song for Athene (1).flac,a7602efa824579cd6c7a5ce84e6aba8e328be9978dab7be639371f084f2835cc,recovery,accepted
/Volumes/RECOVERY_TARGET/Root/FINAL_LIBRARY/Walk off the Earth/(2020) What's Love Got to Do with It/Walk off the Earth - (2020) What's Love Got to Do with It - 01. What's Love Got to Do with It.flac,streaminfo:116592588913044264563016058766106178685,recovery,accepted
/Volumes/RECOVERY_TARGET/Root/FINAL_LIBRARY/Warda/(0000) East Queens/Warda - (0000) East Queens - 12. Hobby.flac,streaminfo:136565791955708209511696365246349401116,recovery,accepted
/Volumes/RECOVERY_TARGET/Root/FINAL_LIBRARY/Wighnomy Brothers & Robag Wruhme/(2003) Poly-tikk/Wighnomy Brothers & Robag Wruhme - (2003) Poly-tikk - 02. Killerteppich.flac,streaminfo:264935006520710079277807782037520624996,recovery,accepted
/Volumes/RECOVERY_TARGET/Root/FINAL_LIBRARY/Wild Nothing/(2010) Golden Haze/Wild Nothing - (2010) Golden Haze - 03. Take Me In.flac,streaminfo:229403802789105313602025007493717901625,recovery,accepted
/Volumes/RECOVERY_TARGET/Root/FINAL_LIBRARY/Windwaker/(2021) Toxic/Windwaker - (2021) Toxic - 01. Toxic.flac,streaminfo:220205279136079476842787134208082171829,recovery,accepted
/Volumes/RECOVERY_TARGET/Root/FINAL_LIBRARY/Wolfgang Gartner feat. Snow tha Product/(2017) Find a Way/Wolfgang Gartner feat. Snow tha Product - (2017) Find a Way - 01. Find a Way.flac,streaminfo:140844569503730425086633316441838404084,recovery,accepted
/Volumes/RECOVERY_TARGET/Root/FINAL_LIBRARY/X/(0000) [Unknown Album]/X - (0000) [Unknown Album] - 00. (15).flac,NOT_SCANNED,recovery,accepted
/Volumes/RECOVERY_TARGET/Root/FINAL_LIBRARY/X/(0000) [Unknown Album]/X - (0000) [Unknown Album] - 00. (17).flac,NOT_SCANNED,recovery,accepted
/Volumes/RECOVERY_TARGET/Root/FINAL_LIBRARY/X/(0000) [Unknown Album]/X - (0000) [Unknown Album] - 00. (18).flac,NOT_SCANNED,recovery,accepted
/Volumes/RECOVERY_TARGET/Root/FINAL_LIBRARY/X/(0000) [Unknown Album]/X - (0000) [Unknown Album] - 00. (19).flac,NOT_SCANNED,recovery,accepted
/Volumes/RECOVERY_TARGET/Root/FINAL_LIBRARY/Yasmine Hamdan/(2014) Ya Nass Remixes Vol. 1/Yasmine Hamdan - (2014) Ya Nass Remixes Vol. 1 - 02. Nediya (skw3 Remix by E∆SY & C.O.U.).flac,streaminfo:185286411193152382031818749440018855912,recovery,accepted
/Volumes/RECOVERY_TARGET/Root/FINAL_LIBRARY/Yaya Bey/(2024) Ten Fold/Yaya Bey - (2024) Ten Fold - 12. iloveyoufrankiebeverly.flac,NOT_SCANNED,recovery,accepted
/Volumes/RECOVERY_TARGET/Root/FINAL_LIBRARY/Yaya Bey/(2024) Ten Fold/Yaya Bey - (2024) Ten Fold - 14. carl thomas sliding down the wall.flac,NOT_SCANNED,recovery,accepted
/Volumes/RECOVERY_TARGET/Root/FINAL_LIBRARY/[Unknown Artist]/(0000) [Unknown Album]/[Unknown Artist] - (0000) [Unknown Album] - 00. Future Disco - (2020) Future Disco꞉ Poolside Sounds 9 - 02. Contortions.fixed.flac,streaminfo:176045986353574808725738389660739566891,recovery,accepted
/Volumes/RECOVERY_TARGET/Root/FINAL_LIBRARY/[Unknown Artist]/(0000) [Unknown Album]/[Unknown Artist] - (0000) [Unknown Album] - 00. Scoobert Doobert - (2020) Masks and Monsters - 12. Happy Birthday.fixed.flac,streaminfo:152273415989543314168856130456550597958,recovery,accepted
/Volumes/RECOVERY_TARGET/Root/FINAL_LIBRARY/[Unknown Artist]/(0000) [Unknown Album]/[Unknown Artist] - (0000) [Unknown Album] - 00. Scoobert Doobert - (2021) Little Hug - 10. Don't Know Much.fixed.flac,streaminfo:137945232291620383829700383849228276417,recovery,accepted
/Volumes/RECOVERY_TARGET/Root/FINAL_LIBRARY/[Unknown Artist]/(0000) [Unknown Album]/[Unknown Artist] - (0000) [Unknown Album] - 00. Scoobert Doobert - (2022) KŌAN - 11. More to Lose.salvage.flac,streaminfo:279233171620295174563223919852734399560,recovery,accepted
/Volumes/RECOVERY_TARGET/Root/FINAL_LIBRARY/[Unknown Artist]/(0000) [Unknown Album]/[Unknown Artist] - (0000) [Unknown Album] - 00. Scoobert Doobert - (2022) KŌAN - 16. KODOMO MITAI.fixed.flac,streaminfo:189597413204583361202966696102291380747,recovery,accepted
/Volumes/RECOVERY_TARGET/Root/FINAL_LIBRARY/[Unknown Artist]/(0000) [Unknown Album]/[Unknown Artist] - (0000) [Unknown Album] - 00. The xx - (2022) Coexist - 06. Sunset.fixed.flac,streaminfo:308953848037890132674433635600706522947,recovery,accepted
/Volumes/RECOVERY_TARGET/Root/FINAL_LIBRARY/almost monday/(2022) sunburn/almost monday - (2022) sunburn - 01. sunburn.flac,streaminfo:320203299665918574929008441771999650118,recovery,accepted
/Volumes/RECOVERY_TARGET/Root/FINAL_LIBRARY/andy butler & Kim Ann Foxman/(2010) Creature ∕ What You Need - EP/andy butler & Kim Ann Foxman - (2010) Creature ∕ What You Need - EP - 04. What You Need (James Curd Remix).flac,streaminfo:164101107696098902643845487900421771750,recovery,accepted
/Volumes/RECOVERY_TARGET/Root/FINAL_LIBRARY/billy woods - (2025) GOLLIWOG - 04. BLK XMAS.flac,39c4d2e9dc5c6f75f31b677d204552f61e6589f100daf5290f24ec4db07b96a1,recovery,accepted
/Volumes/RECOVERY_TARGET/Root/FINAL_LIBRARY/billy woods - (2025) GOLLIWOG - 05. Waterproof Mascara.flac,65b8c1492d5a42f51c25e51638ec9b8be34b7736e1c827e90194b04e69769c4e,recovery,accepted
/Volumes/RECOVERY_TARGET/Root/FINAL_LIBRARY/billy woods - (2025) GOLLIWOG - 08. Pitchforks & Halos.flac,aa43c915184389662b74e654c42cc15cb3f2e3ff96f800560ac0da9b23621336,recovery,accepted
/Volumes/RECOVERY_TARGET/Root/FINAL_LIBRARY/billy woods - (2025) GOLLIWOG - 09. All These Worlds Are Yours.flac,fa7e229b41f2d4892913b84a8aba092e155bbcf54f5a16b95002aca4b52e2731,recovery,accepted
/Volumes/RECOVERY_TARGET/Root/FINAL_LIBRARY/billy woods - (2025) GOLLIWOG - 11. A Doll Fulla Pins.flac,4db9e25d1ea406f760a7b2486a7d06e282500c19baa7cc453fa67089dafe5c85,recovery,accepted
/Volumes/RECOVERY_TARGET/Root/FINAL_LIBRARY/billy woods - (2025) GOLLIWOG - 17. Lead Paint Test.flac,4f645507be1c1d89207a41dfae5be4e7ffa599fb601bb8c5b7cb5a971bda61a4,recovery,accepted
/Volumes/RECOVERY_TARGET/Root/FINAL_LIBRARY/boy pablo - (2018) Soy Pablo - 03. Sick Feeling.flac,f3c98e383e55f5d450f5648bfba869b6eaa1fd82110a7738241e3ddfd77dc577,recovery,accepted
/Volumes/RECOVERY_TARGET/Root/FINAL_LIBRARY/عمرو دياب/(2001) Aktar Wahed/عمرو دياب - (2001) Aktar Wahed - 01. Wala Ala Baloh.flac,streaminfo:202622675582973583164002310275575931632,recovery,accepted
