04deb180d220bbf9adb5bbe9035ebddd	/Volumes/dotad/MUSIC/The Cure/(2001) Acoustic Hits/The Cure - (2001) Acoustic Hits - 01-02. A Forest (3).flac
04deb180d220bbf9adb5bbe9035ebddd	/Volumes/dotad/MUSIC/The Cure/(2017) Acoustic Hits/The Cure - (2017) Acoustic Hits - 01-02. A Forest.flac
05674a0d0b20b10f04cfd2e25b7f5a28	/Volumes/dotad/MUSIC/Zedbazi/(2019) Zedbazi/Zedbazi - (2019) Zedbazi - 21. Taze Shuru-E Zendegimoone (4).flac
05674a0d0b20b10f04cfd2e25b7f5a28	/Volumes/dotad/MUSIC/Zedbazi/(2019) Zedbazi/Zedbazi - (2019) Zedbazi - 21. Taze Shuru-E Zendegimoone.flac
084a49738684080fa0e3e1c5ec5b7890	/Volumes/dotad/MUSIC/The Blessed Madonna/(2024) Godspeed/The Blessed Madonna - (2024) Godspeed - 05. Jinterlude (3).flac
084a49738684080fa0e3e1c5ec5b7890	/Volumes/dotad/MUSIC/The Blessed Madonna/(2024) Godspeed/The Blessed Madonna - (2024) Godspeed - 05. Jinterlude.flac
091212ae596825412ba8c166706d311b	/Volumes/dotad/MUSIC/The Lemonheads/(1992) It's a Shame About Ray/The Lemonheads - (1992) It's a Shame About Ray - 13. Mrs Robinson (1).flac
091212ae596825412ba8c166706d311b	/Volumes/dotad/MUSIC/The Lemonheads/(2022) It's a Shame About Ray/The Lemonheads - (2022) It's a Shame About Ray - 13. Mrs Robinson.flac
0a54ae1aaa42a69e8192c6eac321fa81	/Volumes/dotad/MUSIC/Four Tet/(2001) Pause/Four Tet - (2001) Pause - 08. No More Mosquitoes (1).flac
0a54ae1aaa42a69e8192c6eac321fa81	/Volumes/dotad/MUSIC/Four Tet/(2001) Pause/Four Tet - (2001) Pause - 08. No More Mosquitoes.flac
0d2ef5a16ae5446aed221ef44ae5d5e9	/Volumes/dotad/MUSIC/The Cure/(2001) Acoustic Hits/The Cure - (2001) Acoustic Hits - 02-02. Never Enough (3).flac
0d2ef5a16ae5446aed221ef44ae5d5e9	/Volumes/dotad/MUSIC/The Cure/(2017) Acoustic Hits/The Cure - (2017) Acoustic Hits - 02-02. Never Enough.flac
0d53cffd9ad6b140df5ff5952cf20939	/Volumes/dotad/MUSIC/The Cure/(2025) Mixes of a Lost World/The Cure - (2025) Mixes of a Lost World - 01. I Can Never Say Goodbye (Paul Oakenfold "Cinematic" remix) (4).flac
0d53cffd9ad6b140df5ff5952cf20939	/Volumes/dotad/MUSIC/The Cure/(2025) Mixes of a Lost World/The Cure - (2025) Mixes of a Lost World - 01. I Can Never Say Goodbye (Paul Oakenfold "Cinematic" remix).flac
13b6fca7e66985df23c307d70f0bc9e3	/Volumes/dotad/MUSIC/Soulwax/(2018) ESSENTIAL/Soulwax - (2018) ESSENTIAL - 10. Essential Ten (2).flac
13b6fca7e66985df23c307d70f0bc9e3	/Volumes/dotad/MUSIC/Soulwax/(2018) ESSENTIAL/Soulwax - (2018) ESSENTIAL - 10. Essential Ten.flac
14735078e492e7e2c0cab0dcc8245a30	/Volumes/dotad/MUSIC/Sex Pistols/(1992) Kiss This/Sex Pistols - (1992) Kiss This - 19. My Way (2).flac
14735078e492e7e2c0cab0dcc8245a30	/Volumes/dotad/MUSIC/Sex Pistols/(1992) Kiss This/Sex Pistols - (1992) Kiss This - 19. My Way.flac
16a302af7d30c95787b631713960aed8	/Volumes/dotad/MUSIC/The Cure/(2001) Acoustic Hits/The Cure - (2001) Acoustic Hits - 01-04. The Walk (3).flac
16a302af7d30c95787b631713960aed8	/Volumes/dotad/MUSIC/The Cure/(2017) Acoustic Hits/The Cure - (2017) Acoustic Hits - 01-04. The Walk.flac
16c132bc6d4c0826d1245a79cf48d873	/Volumes/dotad/MUSIC/Soulwax/(2018) ESSENTIAL/Soulwax - (2018) ESSENTIAL - 12. Essential Twelve (2).flac
16c132bc6d4c0826d1245a79cf48d873	/Volumes/dotad/MUSIC/Soulwax/(2018) ESSENTIAL/Soulwax - (2018) ESSENTIAL - 12. Essential Twelve.flac
17ca566da2960ead198fca129684c0db	/Volumes/dotad/MUSIC/Zedbazi/(2019) Zedbazi/Zedbazi - (2019) Zedbazi - 19. Tabestoon Kootahe (4).flac
17ca566da2960ead198fca129684c0db	/Volumes/dotad/MUSIC/Zedbazi/(2019) Zedbazi/Zedbazi - (2019) Zedbazi - 19. Tabestoon Kootahe.flac
1863bdbd946a6ec83e1799db3d3483d6	/Volumes/dotad/MUSIC/Four Tet/(2001) Pause/Four Tet - (2001) Pause - 11. Hilarious Movie of the 90's (1).flac
1863bdbd946a6ec83e1799db3d3483d6	/Volumes/dotad/MUSIC/Four Tet/(2001) Pause/Four Tet - (2001) Pause - 11. Hilarious Movie of the 90's.flac
1943a3b7a1cb240a2e9b2f20ab4c7106	/Volumes/dotad/MUSIC/Vintage & Morelli/(2016) Daydream (single)/Vintage & Morelli - (2016) Daydream (single) - 02. Daydream (Shingo Nakamura Remix) (2).flac
1943a3b7a1cb240a2e9b2f20ab4c7106	/Volumes/dotad/MUSIC/Vintage & Morelli/(2016) Daydream/Vintage & Morelli - (2016) Daydream - 02. Daydream (Shingo Nakamura Remix).flac
1a115c07d66595026b504534c79add87	/Volumes/dotad/MUSIC/The National feat. Bon Iver/(2022) Weird Goodbyes/The National feat. Bon Iver - (2022) Weird Goodbyes - 01. Weird Goodbyes (3).flac
1a115c07d66595026b504534c79add87	/Volumes/dotad/MUSIC/The National feat. Bon Iver/(2022) Weird Goodbyes/The National feat. Bon Iver - (2022) Weird Goodbyes - 01. Weird Goodbyes.flac
1a30514ad44fa8cda3af223adbdfb287	/Volumes/dotad/MUSIC/The Kills/(2016) Ash & Ice/The Kills - (2016) Ash & Ice - 02-02. Siberian Nights (4).flac
1a30514ad44fa8cda3af223adbdfb287	/Volumes/dotad/MUSIC/The Kills/(2016) Ash & Ice/The Kills - (2016) Ash & Ice - 02-02. Siberian Nights.flac
1c4ea7422ddb47b2c882bee0ef8a94f5	/Volumes/dotad/MUSIC/The Blessed Madonna/(2024) Godspeed/The Blessed Madonna - (2024) Godspeed - 13. That's the Shhh (Pure Love) (interlude) (4).flac
1c4ea7422ddb47b2c882bee0ef8a94f5	/Volumes/dotad/MUSIC/The Blessed Madonna/(2024) Godspeed/The Blessed Madonna - (2024) Godspeed - 13. That's the Shhh (Pure Love) (interlude).flac
1d064854b4e6a2bef126ae5d8bad1f5b	/Volumes/dotad/MUSIC/Soulwax/(2018) ESSENTIAL/Soulwax - (2018) ESSENTIAL - 02. Essential Two (2).flac
1d064854b4e6a2bef126ae5d8bad1f5b	/Volumes/dotad/MUSIC/Soulwax/(2018) ESSENTIAL/Soulwax - (2018) ESSENTIAL - 02. Essential Two.flac
1deebfb4d7a8006ae74c8425920303b1	/Volumes/dotad/MUSIC/Self Esteem/(2021) Prioritise Pleasure/Self Esteem - (2021) Prioritise Pleasure - 04. Prioritise Pleasure (3).flac
1deebfb4d7a8006ae74c8425920303b1	/Volumes/dotad/MUSIC/Self Esteem/(2021) Prioritise Pleasure/Self Esteem - (2021) Prioritise Pleasure - 04. Prioritise Pleasure.flac
1e01d0b1faabfa13026936283c6bc316	/Volumes/dotad/MUSIC/Soulwax/(2018) ESSENTIAL/Soulwax - (2018) ESSENTIAL - 05. Essential Five (2).flac
1e01d0b1faabfa13026936283c6bc316	/Volumes/dotad/MUSIC/Soulwax/(2018) ESSENTIAL/Soulwax - (2018) ESSENTIAL - 05. Essential Five.flac
1e71190824f8fd8ea6e92116d54e2d22	/Volumes/dotad/MUSIC/Four Tet/(2001) Pause/Four Tet - (2001) Pause - 04. Parks (1).flac
1e71190824f8fd8ea6e92116d54e2d22	/Volumes/dotad/MUSIC/Four Tet/(2001) Pause/Four Tet - (2001) Pause - 04. Parks.flac
1fdeedbe639b39803f4cf7eb764decbb	/Volumes/dotad/MUSIC/Pépite/(2021) Rêve Réalité/Pépite - (2021) Rêve Réalité - 03. Rêve Réalité (4).flac
1fdeedbe639b39803f4cf7eb764decbb	/Volumes/dotad/MUSIC/Pépite/(2021) Rêve Réalité/Pépite - (2021) Rêve Réalité - 03. Rêve Réalité.flac
201a236e4aae39ef6115f4e733c6380d	/Volumes/dotad/MUSIC/Pépite/(2024) Les Années Lumière/Pépite - (2024) Les Années Lumière - 10. Aspirine (4).flac
201a236e4aae39ef6115f4e733c6380d	/Volumes/dotad/MUSIC/Pépite/(2024) Les Années Lumière/Pépite - (2024) Les Années Lumière - 10. Aspirine.flac
21578a6a4f9a35d60698b5fce777ecbb	/Volumes/dotad/MUSIC/George Harrison/(1970) All Things Must Pass (50th anniversary)/George Harrison - (1970) All Things Must Pass (50th anniversary) - 03-01. Isn't It a Pity (take 14) (2).flac
21578a6a4f9a35d60698b5fce777ecbb	/Volumes/dotad/MUSIC/George Harrison/(2021) All Things Must Pass (50th anniversary)/George Harrison - (2021) All Things Must Pass (50th anniversary) - 03-01. Isn't It a Pity (take 14).flac
21c5257d80ca18eaa33f37af4dc7c9ad	/Volumes/dotad/MUSIC/Soulwax/(2018) ESSENTIAL/Soulwax - (2018) ESSENTIAL - 08. Essential Eight (2).flac
21c5257d80ca18eaa33f37af4dc7c9ad	/Volumes/dotad/MUSIC/Soulwax/(2018) ESSENTIAL/Soulwax - (2018) ESSENTIAL - 08. Essential Eight.flac
23f72befe4680b2156cad6b9fe396f04	/Volumes/dotad/MUSIC/Pépite/(2024) Les Années Lumière/Pépite - (2024) Les Années Lumière - 04. Les années lumière (4).flac
23f72befe4680b2156cad6b9fe396f04	/Volumes/dotad/MUSIC/Pépite/(2024) Les Années Lumière/Pépite - (2024) Les Années Lumière - 04. Les années lumière.flac
244677fb4ba6edf873b209cca325ec39	/Volumes/dotad/MUSIC/Four Tet/(2001) Pause/Four Tet - (2001) Pause - 02. Twenty Three (1).flac
244677fb4ba6edf873b209cca325ec39	/Volumes/dotad/MUSIC/Four Tet/(2001) Pause/Four Tet - (2001) Pause - 02. Twenty Three.flac
28186d0f2c33f031571dc929e34db238	/Volumes/dotad/MUSIC/Soulwax/(2018) ESSENTIAL/Soulwax - (2018) ESSENTIAL - 03. Essential Three (2).flac
28186d0f2c33f031571dc929e34db238	/Volumes/dotad/MUSIC/Soulwax/(2018) ESSENTIAL/Soulwax - (2018) ESSENTIAL - 03. Essential Three.flac
28599912730e766a843c238cad8ca8ea	/Volumes/dotad/MUSIC/Four Tet/(2001) Pause/Four Tet - (2001) Pause - 10. You Could Ruin My Day (1).flac
28599912730e766a843c238cad8ca8ea	/Volumes/dotad/MUSIC/Four Tet/(2001) Pause/Four Tet - (2001) Pause - 10. You Could Ruin My Day.flac
28ca04f0e335db704dc5fe4aa97ae938	/Volumes/dotad/MUSIC/Yuksek & Bertrand Burgalat/(2018) Icare (single)/Yuksek & Bertrand Burgalat - (2018) Icare (single) - 02. Icare (Yuksek remix) (3).flac
28ca04f0e335db704dc5fe4aa97ae938	/Volumes/dotad/MUSIC/Yuksek & Bertrand Burgalat/(2018) Icare/Yuksek & Bertrand Burgalat - (2018) Icare - 02. Icare (Yuksek remix).flac
28ce85fb0122bd24d822566a3a164590	/Volumes/dotad/MUSIC/Prefuse 73/(2024) New Strategies for Modern Crime Vol.2/Prefuse 73 - (2024) New Strategies for Modern Crime Vol.2 - 02. Vast Wildlife Poison (4).flac
28ce85fb0122bd24d822566a3a164590	/Volumes/dotad/MUSIC/Prefuse 73/(2024) New Strategies for Modern Crime Vol.2/Prefuse 73 - (2024) New Strategies for Modern Crime Vol.2 - 02. Vast Wildlife Poison.flac
2a8cffe0ef94dffc3feffa295da598da	/Volumes/dotad/MUSIC/Four Tet/(2001) Pause/Four Tet - (2001) Pause - 01. Glue of the World (1).flac
2a8cffe0ef94dffc3feffa295da598da	/Volumes/dotad/MUSIC/Four Tet/(2001) Pause/Four Tet - (2001) Pause - 01. Glue of the World.flac
2bd522b8f60e453a02fa602847557910	/Volumes/dotad/MUSIC/Johann Sebastian Bach; Bob van Asperen/(1999) Harpsichord Concertos/Johann Sebastian Bach; Bob van Asperen - (1999) Harpsichord Concertos - 02-15. Concerto in D minor, BWV 1059: III. [Presto] (3).flac
2bd522b8f60e453a02fa602847557910	/Volumes/dotad/MUSIC/Johann Sebastian Bach; Bob van Asperen/(1999) Harpsichord Concertos/Johann Sebastian Bach; Bob van Asperen - (1999) Harpsichord Concertos - 02-15. Concerto in D minor, BWV 1059: III. [Presto].flac
2db9ebb5e25b7ad2c956a2126342af6e	/Volumes/dotad/MUSIC/Zedbazi/(2022) Tehran Mibinamet/Zedbazi - (2022) Tehran Mibinamet - 01. Tehran Mibinamet (4).flac
2db9ebb5e25b7ad2c956a2126342af6e	/Volumes/dotad/MUSIC/Zedbazi/(2022) Tehran Mibinamet/Zedbazi - (2022) Tehran Mibinamet - 01. Tehran Mibinamet.flac
2eb215667d3424eddc643fa13c9a26e0	/Volumes/dotad/MUSIC/The Cure/(2001) Acoustic Hits/The Cure - (2001) Acoustic Hits - 02-01. Lovesong (3).flac
2eb215667d3424eddc643fa13c9a26e0	/Volumes/dotad/MUSIC/The Cure/(2017) Acoustic Hits/The Cure - (2017) Acoustic Hits - 02-01. Lovesong.flac
2f57ee6fb4b54be76fb3c0e40f1630ff	/Volumes/dotad/MUSIC/The Red Clay Strays/(2024) Made By These Moments/The Red Clay Strays - (2024) Made By These Moments - 03. Wanna Be Loved.fixed.flac
2f57ee6fb4b54be76fb3c0e40f1630ff	/Volumes/dotad/MUSIC/The Red Clay Strays/(2024) Made By These Moments/The Red Clay Strays - (2024) Made By These Moments - 03. Wanna Be Loved.flac
31a3bccff3b91ad8019af7f3a81a03f8	/Volumes/dotad/MUSIC/Fiona Apple/(2025) Pretrial (Let Her Go Home) (single)/Fiona Apple - (2025) Pretrial (Let Her Go Home) (single) - 01. Pretrial (Let Her Go Home).flac
31a3bccff3b91ad8019af7f3a81a03f8	/Volumes/dotad/MUSIC/Fiona Apple/(2025) Pretrial (Let Her Go Home)/Fiona Apple - (2025) Pretrial (Let Her Go Home) - 01. Pretrial (Let Her Go Home) (1).flac
32482772b15c41b43274679986a88d32	/Volumes/dotad/MUSIC/Working Men's Club/(2022) Fear Fear/Working Men's Club - (2022) Fear Fear - 03. Widow (3).flac
32482772b15c41b43274679986a88d32	/Volumes/dotad/MUSIC/Working Men's Club/(2022) Fear Fear/Working Men's Club - (2022) Fear Fear - 03. Widow.flac
370556ce31669b0a2d7449e68b6f789b	/Volumes/dotad/MUSIC/Pépite/(2024) Les Années Lumière/Pépite - (2024) Les Années Lumière - 08. Très bleu (4).flac
370556ce31669b0a2d7449e68b6f789b	/Volumes/dotad/MUSIC/Pépite/(2024) Les Années Lumière/Pépite - (2024) Les Années Lumière - 08. Très bleu.flac
3851048cec70aa55abd371f691095e0c	/Volumes/dotad/MUSIC/YACHT/(2009) Psychic City/YACHT - (2009) Psychic City - 02. Psychic City (Classixx remix).flac
3851048cec70aa55abd371f691095e0c	/Volumes/dotad/MUSIC/YACHT/(2022) See Mystery Lights: Remixes & B-Sides/YACHT - (2022) See Mystery Lights: Remixes & B-Sides - 01. Psychic City (Classixx remix).flac
3964593281fc341be5f0ed800a73eee6	/Volumes/dotad/MUSIC/The Kills/(2021) Cosmic Dancer/The Kills - (2021) Cosmic Dancer - 01. Cosmic Dancer (4).flac
3964593281fc341be5f0ed800a73eee6	/Volumes/dotad/MUSIC/The Kills/(2021) Cosmic Dancer/The Kills - (2021) Cosmic Dancer - 01. Cosmic Dancer.flac
3b1bb75ec62553817b56df86f74210dd	/Volumes/dotad/MUSIC/Fiona Apple/(2025) Heart of Gold (single)/Fiona Apple - (2025) Heart of Gold (single) - 01. Heart of Gold (2).flac
3b1bb75ec62553817b56df86f74210dd	/Volumes/dotad/MUSIC/Fiona Apple/(2025) Heart of Gold (single)/Fiona Apple - (2025) Heart of Gold (single) - 01. Heart of Gold.flac
3bb01b38334c392c7c69696003cbe4b3	/Volumes/dotad/MUSIC/The xx/(2017) I See You/The xx - (2017) I See You - 09. I Dare You (3).flac
3bb01b38334c392c7c69696003cbe4b3	/Volumes/dotad/MUSIC/The xx/(2017) I See You/The xx - (2017) I See You - 09. I Dare You.flac
3bb01b38334c392c7c69696003cbe4b3	/Volumes/dotad/MUSIC/_Recovered_from_DUPES_CHECK/The xx/(2017) I See You/The xx - (2017) I See You - 09. I Dare You.fixed.flac
3c09df046f3a571d95f0ac9d08e942b0	/Volumes/dotad/MUSIC/Tommy Sparks/(2006) Tommy Sparks/Tommy Sparks - (2006) Tommy Sparks - 07. I'm A Rope (4).flac
3c09df046f3a571d95f0ac9d08e942b0	/Volumes/dotad/MUSIC/Tommy Sparks/(2006) Tommy Sparks/Tommy Sparks - (2006) Tommy Sparks - 07. I'm A Rope.flac
3e4e79b7ad9790ba7eb3c78f80920104	/Volumes/dotad/MUSIC/The Cure/(2001) Acoustic Hits/The Cure - (2001) Acoustic Hits - 02-08. Just Say Yes (2).flac
3e4e79b7ad9790ba7eb3c78f80920104	/Volumes/dotad/MUSIC/The Cure/(2017) Acoustic Hits/The Cure - (2017) Acoustic Hits - 02-08. Just Say Yes.flac
3ea629c880fc200a7f266fb8a4d41080	/Volumes/dotad/MUSIC/Harlem Zip Code  Crazy P/(2003) Penultimate (single)/Harlem Zip Code  Crazy P - (2003) Penultimate (single) - 01. Fling Up Your Wig (extended) (2).flac
3ea629c880fc200a7f266fb8a4d41080	/Volumes/dotad/MUSIC/Harlem Zip Code  Crazy P/(2003) Penultimate (single)/Harlem Zip Code  Crazy P - (2003) Penultimate (single) - 01. Fling Up Your Wig (extended).flac
40589b29ad1eb18dea5ad9d07b72e187	/Volumes/dotad/MUSIC/LEISURE/(2025) Welcome to the Mood/LEISURE - (2025) Welcome to the Mood - 02. Sundown (2).flac
40589b29ad1eb18dea5ad9d07b72e187	/Volumes/dotad/MUSIC/LEISURE/(2025) Welcome to the Mood/LEISURE - (2025) Welcome to the Mood - 02. Sundown.flac
437a2b5efa9058650ce19b1bc6ca7611	/Volumes/dotad/MUSIC/DAM/(2012) Dabke on the Moon/DAM - (2012) Dabke on the Moon - 02. I'm Not a Traitor (1).flac
437a2b5efa9058650ce19b1bc6ca7611	/Volumes/dotad/MUSIC/DAM/(2012) Dabke on the Moon/DAM - (2012) Dabke on the Moon - 02. I'm Not a Traitor.flac
45ab165152a8866b658811002a0a7b07	/Volumes/dotad/MUSIC/The xx/(2017) A Violent Noise (Four Tet remix)/The xx - (2017) A Violent Noise (Four Tet remix) - 01. A Violent Noise (Four Tet remix) (5).flac
45ab165152a8866b658811002a0a7b07	/Volumes/dotad/MUSIC/The xx/(2017) A Violent Noise (Four Tet remix)/The xx - (2017) A Violent Noise (Four Tet remix) - 01. A Violent Noise (Four Tet remix).flac
46fe8fe2330ee95f90644a6cbcde5675	/Volumes/dotad/MUSIC/Pépite/(2024) Les Années Lumière/Pépite - (2024) Les Années Lumière - 07. Cavalier (4).flac
46fe8fe2330ee95f90644a6cbcde5675	/Volumes/dotad/MUSIC/Pépite/(2024) Les Années Lumière/Pépite - (2024) Les Années Lumière - 07. Cavalier.flac
485ca68da09245c1b420b5d324b0b09b	/Volumes/dotad/MUSIC/RiveR/(2018) Solo/RiveR - (2018) Solo - 01. Solo (2).flac
485ca68da09245c1b420b5d324b0b09b	/Volumes/dotad/MUSIC/RiveR/(2018) Solo/RiveR - (2018) Solo - 01. Solo.flac
48ed1b791145f36eb8e3480dae9e1a5e	/Volumes/dotad/MUSIC/The Cure/(2001) Acoustic Hits/The Cure - (2001) Acoustic Hits - 01-01. Boys Don't Cry (3).flac
48ed1b791145f36eb8e3480dae9e1a5e	/Volumes/dotad/MUSIC/The Cure/(2017) Acoustic Hits/The Cure - (2017) Acoustic Hits - 01-01. Boys Don't Cry.flac
50f7befabafb93e127158425a2fbf820	/Volumes/dotad/MUSIC/Four Tet/(2001) Pause/Four Tet - (2001) Pause - 07. Everything Is Alright (1).flac
50f7befabafb93e127158425a2fbf820	/Volumes/dotad/MUSIC/Four Tet/(2001) Pause/Four Tet - (2001) Pause - 07. Everything Is Alright.flac
579fbd8b6f13bc3f96beba3a93c6d5f8	/Volumes/dotad/MUSIC/Scott Hoying/(2023) Parallel/Scott Hoying - (2023) Parallel - 01. Parallel (3).flac
579fbd8b6f13bc3f96beba3a93c6d5f8	/Volumes/dotad/MUSIC/Scott Hoying/(2023) Parallel/Scott Hoying - (2023) Parallel - 01. Parallel.flac
57f7804935147456cd0c17d1976c05e3	/Volumes/dotad/MUSIC/The Cure/(1992) Wish/The Cure - (1992) Wish - 07. Friday I'm in Love (3).flac
57f7804935147456cd0c17d1976c05e3	/Volumes/dotad/MUSIC/The Cure/(1992) Wish/The Cure - (1992) Wish - 07. Friday I'm in Love.flac
5cde869bff3ea213edd2044e12c143be	/Volumes/dotad/MUSIC/Pépite/(2020) Désert/Pépite - (2020) Désert - 01. Désert (5).flac
5cde869bff3ea213edd2044e12c143be	/Volumes/dotad/MUSIC/Pépite/(2020) Désert/Pépite - (2020) Désert - 01. Désert.flac
5d96e652b759be0873dd5d1e7d70e6c9	/Volumes/dotad/MUSIC/The Decemberists/(2006) The Crane Wife/The Decemberists - (2006) The Crane Wife - 01-04. O Valencia! (4).flac
5d96e652b759be0873dd5d1e7d70e6c9	/Volumes/dotad/MUSIC/The Decemberists/(2017) The Crane Wife/The Decemberists - (2017) The Crane Wife - 01-04. O Valencia!.flac
5df07664ca4a59fc40540b5f955f6d14	/Volumes/dotad/MUSIC/Soulwax/(2017) Is It Always Binary (Edit) - Single/Soulwax - (2017) Is It Always Binary (Edit) - Single - 01. Is It Always Binary (Edit) (2).flac
5df07664ca4a59fc40540b5f955f6d14	/Volumes/dotad/MUSIC/Soulwax/(2017) Is It Always Binary (Edit) - Single/Soulwax - (2017) Is It Always Binary (Edit) - Single - 01. Is It Always Binary (Edit).flac
5f2b508d4023d919b58ee2bda4e667fe	/Volumes/dotad/MUSIC/Soulwax/(2018) ESSENTIAL/Soulwax - (2018) ESSENTIAL - 09. Essential Nine (2).flac
5f2b508d4023d919b58ee2bda4e667fe	/Volumes/dotad/MUSIC/Soulwax/(2018) ESSENTIAL/Soulwax - (2018) ESSENTIAL - 09. Essential Nine.flac
5f4acf32782ad9219b48719e17bab203	/Volumes/dotad/MUSIC/Robag Wruhme/(2019) Venq Tolep/Robag Wruhme - (2019) Venq Tolep - 10. Nata Alma (5).flac
5f4acf32782ad9219b48719e17bab203	/Volumes/dotad/MUSIC/Robag Wruhme/(2019) Venq Tolep/Robag Wruhme - (2019) Venq Tolep - 10. Nata Alma.flac
5f815011eccb3fde54cba9038e81a87b	/Volumes/dotad/MUSIC/The Sei/(2020) Lumen/The Sei - (2020) Lumen - 01. Asteroid (2).flac
5f815011eccb3fde54cba9038e81a87b	/Volumes/dotad/MUSIC/The Sei/(2020) Lumen/The Sei - (2020) Lumen - 01. Asteroid.flac
614e24b17b36362cb3005ea0831538ee	/Volumes/dotad/MUSIC/Soulwax/(2018) ESSENTIAL/Soulwax - (2018) ESSENTIAL - 11. Essential Eleven (2).flac
614e24b17b36362cb3005ea0831538ee	/Volumes/dotad/MUSIC/Soulwax/(2018) ESSENTIAL/Soulwax - (2018) ESSENTIAL - 11. Essential Eleven.flac
62bbd0d9e593a93412e610bf0ab90789	/Volumes/dotad/MUSIC/David August/(2016) J.B.Y.  Ouvert (single)/David August - (2016) J.B.Y.  Ouvert (single) - 01. J.B.Y. (5).flac
62bbd0d9e593a93412e610bf0ab90789	/Volumes/dotad/MUSIC/David August/(2016) J.B.Y.  Ouvert (single)/David August - (2016) J.B.Y.  Ouvert (single) - 01. J.B.Y..flac
653f72af82859ac25009d78985d89df4	/Volumes/dotad/MUSIC/The Cure/(2001) Acoustic Hits/The Cure - (2001) Acoustic Hits - 01-03. Let's Go to Bed (3).flac
653f72af82859ac25009d78985d89df4	/Volumes/dotad/MUSIC/The Cure/(2017) Acoustic Hits/The Cure - (2017) Acoustic Hits - 01-03. Let's Go to Bed.flac
65878bd102f352c692f8ff42159021c4	/Volumes/dotad/MUSIC/Tete Montoliu/(1983) Body & Soul/Tete Montoliu - (1983) Body & Soul - 05. Body And Soul (2).flac
65878bd102f352c692f8ff42159021c4	/Volumes/dotad/MUSIC/Tete Montoliu/(1983) Body & Soul/Tete Montoliu - (1983) Body & Soul - 05. Body And Soul.flac
678b0680792eee979e231ae27df0cc63	/Volumes/dotad/MUSIC/David August/(2014) Diynamic Revisited EP/David August - (2014) Diynamic Revisited EP - 01. Last Day (David August revision) (5).flac
678b0680792eee979e231ae27df0cc63	/Volumes/dotad/MUSIC/VA/(2015) Auto.Matic.Music (Electronic Flashback, Vol. 5)/VA - (2015) Auto.Matic.Music (Electronic Flashback, Vol. 5) - 03. Last Day (David August Revision).flac
68a170b629161b807090356584d4e829	/Volumes/dotad/MUSIC/DAM/(2012) Dabke on the Moon/DAM - (2012) Dabke on the Moon - 01. Street Poetry (1).flac
68a170b629161b807090356584d4e829	/Volumes/dotad/MUSIC/DAM/(2012) Dabke on the Moon/DAM - (2012) Dabke on the Moon - 01. Street Poetry.flac
6aaa142463befc4690480778d6617b1a	/Volumes/dotad/MUSIC/Paul Oakenfold/(2018) Mount Everest: The Base Camp Mix/Paul Oakenfold - (2018) Mount Everest: The Base Camp Mix - 02. Deep Space (2).flac
6aaa142463befc4690480778d6617b1a	/Volumes/dotad/MUSIC/Paul Oakenfold/(2018) Mount Everest: The Base Camp Mix/Paul Oakenfold - (2018) Mount Everest: The Base Camp Mix - 02. Deep Space.flac
6bc535bd1ef547ed781e44a15c3a7b67	/Volumes/dotad/MUSIC/The Cure/(2001) Acoustic Hits/The Cure - (2001) Acoustic Hits - 01-08. Why Can't I Be You? (3).flac
6bc535bd1ef547ed781e44a15c3a7b67	/Volumes/dotad/MUSIC/The Cure/(2017) Acoustic Hits/The Cure - (2017) Acoustic Hits - 01-08. Why Can't I Be You?.flac
6ceb8e324a1354655e4e3319f57a60f9	/Volumes/dotad/MUSIC/Tape B/(2023) Over Saturated/Tape B - (2023) Over Saturated - 04. Voices (3).flac
6ceb8e324a1354655e4e3319f57a60f9	/Volumes/dotad/MUSIC/Tape B/(2023) Over Saturated/Tape B - (2023) Over Saturated - 04. Voices.flac
6cf14358988b90400efaeaf3d23cda41	/Volumes/dotad/MUSIC/Phantoms/(2020) Moonlight/Phantoms - (2020) Moonlight - 05. Moonlight (2).flac
6cf14358988b90400efaeaf3d23cda41	/Volumes/dotad/MUSIC/Phantoms/(2020) Moonlight/Phantoms - (2020) Moonlight - 05. Moonlight.flac
70cfa79fdd2ef9329409c6c0575a1cf0	/Volumes/dotad/MUSIC/Self Esteem/(2019) Compliments Please/Self Esteem - (2019) Compliments Please - 01. (Feelings) (3).flac
70cfa79fdd2ef9329409c6c0575a1cf0	/Volumes/dotad/MUSIC/Self Esteem/(2019) Compliments Please/Self Esteem - (2019) Compliments Please - 01. (Feelings).flac
71916a259deb605cb8802ee506381e57	/Volumes/dotad/MUSIC/Scoobert Doobert/(2023) Moonlight Beach/Scoobert Doobert - (2023) Moonlight Beach - 02. Feels So Good.flac
71916a259deb605cb8802ee506381e57	/Volumes/dotad/MUSIC/_Recovered_from_DUPES_CHECK/Scoobert Doobert/(2023) Moonlight Beach/Scoobert Doobert - (2023) Moonlight Beach - 02. Feels So Good (1).fixed.flac
7243fb56c8b0dbf2089fa3763d9015e1	/Volumes/dotad/MUSIC/CeeLo Green/(2002) Cee-Lo Green and His Perfect Imperfections/CeeLo Green - (2002) Cee-Lo Green and His Perfect Imperfections - 02-07. Awful Thing.flac
7243fb56c8b0dbf2089fa3763d9015e1	/Volumes/dotad/MUSIC/Chet Faker/(2012) Thinking in Textures EP/Chet Faker - (2012) Thinking in Textures EP - 03. No Diggity (4).flac
77da75a333216aa55b45392c1aeb84c5	/Volumes/dotad/MUSIC/Working Men's Club/(2020) Working Men's Club/Working Men's Club - (2020) Working Men's Club - 01. Valleys (3).flac
77da75a333216aa55b45392c1aeb84c5	/Volumes/dotad/MUSIC/Working Men's Club/(2020) Working Men's Club/Working Men's Club - (2020) Working Men's Club - 01. Valleys.flac
77fa6155a48b64bf2d05035c619f00e2	/Volumes/dotad/MUSIC/Vintage & Morelli/(2016) My Rose Enchanted Destiny (Album)/Vintage & Morelli - (2016) My Rose Enchanted Destiny (Album) - 04. Daydream (3).flac
77fa6155a48b64bf2d05035c619f00e2	/Volumes/dotad/MUSIC/Vintage & Morelli/(2016) My Rose Enchanted Destiny (Album)/Vintage & Morelli - (2016) My Rose Enchanted Destiny (Album) - 04. Daydream.flac
787096a6be88f36f2f43c24bfdd6ca55	/Volumes/dotad/MUSIC/The Blessed Madonna/(2024) Godspeed/The Blessed Madonna - (2024) Godspeed - 15. Henterlude (4).flac
787096a6be88f36f2f43c24bfdd6ca55	/Volumes/dotad/MUSIC/The Blessed Madonna/(2024) Godspeed/The Blessed Madonna - (2024) Godspeed - 15. Henterlude.flac
7db47d53a5e945ad2ed8c9bf11ad87b8	/Volumes/dotad/MUSIC/Pépite/(2024) Les Années Lumière/Pépite - (2024) Les Années Lumière - 05. Les grands tours (4).flac
7db47d53a5e945ad2ed8c9bf11ad87b8	/Volumes/dotad/MUSIC/Pépite/(2024) Les Années Lumière/Pépite - (2024) Les Années Lumière - 05. Les grands tours.flac
820af70f3e81792989867a9108c55f41	/Volumes/dotad/MUSIC/The Byrds/(2019) Eight Miles High (live)/The Byrds - (2019) Eight Miles High (live) - 02. Eight Miles High (3).flac
820af70f3e81792989867a9108c55f41	/Volumes/dotad/MUSIC/The Byrds/(2019) Eight Miles High (live)/The Byrds - (2019) Eight Miles High (live) - 02. Eight Miles High.flac
84791bbfe6b98b773532f31b990ff601	/Volumes/dotad/MUSIC/Ravin/(2015) Buddha-Bar XVII/Ravin - (2015) Buddha-Bar XVII - 02-02. Lik (Mashti & Polyesta remix for Womex 14) (3).flac
84791bbfe6b98b773532f31b990ff601	/Volumes/dotad/MUSIC/Ravin/(2015) Buddha-Bar XVII/Ravin - (2015) Buddha-Bar XVII - 02-02. Lik (Mashti & Polyesta remix for Womex 14).flac
85cd901fe8b0cd7ecdcfa77f34856990	/Volumes/dotad/MUSIC/Zedbazi/(2019) Zedbazi/Zedbazi - (2019) Zedbazi - 18. Party (4).flac
85cd901fe8b0cd7ecdcfa77f34856990	/Volumes/dotad/MUSIC/Zedbazi/(2019) Zedbazi/Zedbazi - (2019) Zedbazi - 18. Party.flac
86c2f83ed12d5c642a4330d714f31467	/Volumes/dotad/MUSIC/Alan Braxe & Fred Falke/(2000) Running EP/Alan Braxe & Fred Falke - (2000) Running EP - 02. Most Wanted (1).flac
86c2f83ed12d5c642a4330d714f31467	/Volumes/dotad/MUSIC/Alan Braxe & Fred Falke/(2000) Running/Alan Braxe & Fred Falke - (2000) Running - 02. Most Wanted.flac
870dde754a36020f3d8b747713898124	/Volumes/dotad/MUSIC/Four Tet/(2001) Pause/Four Tet - (2001) Pause - 06. Untangle (1).flac
870dde754a36020f3d8b747713898124	/Volumes/dotad/MUSIC/Four Tet/(2001) Pause/Four Tet - (2001) Pause - 06. Untangle.flac
8877933213f29b23dcb2b48f64e1bc8c	/Volumes/dotad/MUSIC/Zedbazi/(2019) Zedbazi/Zedbazi - (2019) Zedbazi - 22. Vase Har Irani (4).flac
8877933213f29b23dcb2b48f64e1bc8c	/Volumes/dotad/MUSIC/Zedbazi/(2019) Zedbazi/Zedbazi - (2019) Zedbazi - 22. Vase Har Irani.flac
8a8d3b6c9f3192cb60f8e4e40789afeb	/Volumes/dotad/MUSIC/Tigerskin/(2014) HigH EP/Tigerskin - (2014) HigH EP - 02. I Believe.flac
8a8d3b6c9f3192cb60f8e4e40789afeb	/Volumes/dotad/MUSIC/Tigerskin/(2014) HigH/Tigerskin - (2014) HigH - 02. I Believe (2).flac
8aec25acf0fd2bb3eb28296f79689a00	/Volumes/dotad/MUSIC/Alanis Morissette & Carly Simon/(2025) Coming Around Again/Alanis Morissette & Carly Simon - (2025) Coming Around Again - 01. Coming Around Again (3).flac
8aec25acf0fd2bb3eb28296f79689a00	/Volumes/dotad/MUSIC/Alanis Morissette & Carly Simon/(2025) Coming Around Again/Alanis Morissette & Carly Simon - (2025) Coming Around Again - 01. Coming Around Again.flac
8c62f0c806b4e5a9a8bb2ef430abc49d	/Volumes/dotad/MUSIC/The Trammps/(1975) The Legendary ZING Album/The Trammps - (1975) The Legendary ZING Album - 01. Penguin at the Big Apple  Zing Went the Strings of My Heart (4).flac
8c62f0c806b4e5a9a8bb2ef430abc49d	/Volumes/dotad/MUSIC/The Trammps/(1992) The Legendary ZING Album/The Trammps - (1992) The Legendary ZING Album - 01. Penguin at the Big Apple  Zing Went the Strings of My Heart.flac
8ffb149ba56c8ad80623ac443b793023	/Volumes/dotad/MUSIC/Primal Scream/(2021) The Screamadelica 12" Singles/Primal Scream - (2021) The Screamadelica 12" Singles - 01. Loaded (2).flac
8ffb149ba56c8ad80623ac443b793023	/Volumes/dotad/MUSIC/Primal Scream/(2021) The Screamadelica 12" Singles/Primal Scream - (2021) The Screamadelica 12" Singles - 01. Loaded.flac
912c0620a63d2eed5d18b51cc96b7e46	/Volumes/dotad/MUSIC/múm/(1999) Yesterday Was Dramatic - Today Is OK/múm - (1999) Yesterday Was Dramatic - Today Is OK - 01-01. I'm 9 Today (4).flac
912c0620a63d2eed5d18b51cc96b7e46	/Volumes/dotad/MUSIC/múm/(2019) Yesterday Was Dramatic - Today Is OK/múm - (2019) Yesterday Was Dramatic - Today Is OK - 01-01. I'm 9 Today.flac
9286b6d10aeea48377d5cb3d20346d9c	/Volumes/dotad/MUSIC/NewDad/(2024) Just Like Heaven (Live at BBC Maida Vale)/NewDad - (2024) Just Like Heaven (Live at BBC Maida Vale) - 01. Just Like Heaven (Live at BBC Maida Vale) (3).flac
9286b6d10aeea48377d5cb3d20346d9c	/Volumes/dotad/MUSIC/NewDad/(2024) Just Like Heaven (Live at BBC Maida Vale)/NewDad - (2024) Just Like Heaven (Live at BBC Maida Vale) - 01. Just Like Heaven (Live at BBC Maida Vale).flac
936f247ccf46c2a7fe6530be4d51e880	/Volumes/dotad/MUSIC/Vintage & Morelli/(2016) My Rose Enchanted Destiny (Album)/Vintage & Morelli - (2016) My Rose Enchanted Destiny (Album) - 11. Afterglow (3).flac
936f247ccf46c2a7fe6530be4d51e880	/Volumes/dotad/MUSIC/Vintage & Morelli/(2016) My Rose Enchanted Destiny (Album)/Vintage & Morelli - (2016) My Rose Enchanted Destiny (Album) - 11. Afterglow.flac
941bbc4fd9187d8032fd9a8af776a6a1	/Volumes/dotad/MUSIC/Pépite/(2024) Les Années Lumière/Pépite - (2024) Les Années Lumière - 01. Nénuphar (4).flac
941bbc4fd9187d8032fd9a8af776a6a1	/Volumes/dotad/MUSIC/Pépite/(2024) Les Années Lumière/Pépite - (2024) Les Années Lumière - 01. Nénuphar.flac
953d026c32bf46017f07f1c33d4ef45c	/Volumes/dotad/MUSIC/Soulwax/(2018) ESSENTIAL/Soulwax - (2018) ESSENTIAL - 07. Essential Seven (2).flac
953d026c32bf46017f07f1c33d4ef45c	/Volumes/dotad/MUSIC/Soulwax/(2018) ESSENTIAL/Soulwax - (2018) ESSENTIAL - 07. Essential Seven.flac
965e7d982e6909a7af5f8cfeef81c2bd	/Volumes/dotad/MUSIC/Four Tet/(2001) Pause/Four Tet - (2001) Pause - 05. Leila Came Round and We Watched a Video (1).flac
965e7d982e6909a7af5f8cfeef81c2bd	/Volumes/dotad/MUSIC/Four Tet/(2001) Pause/Four Tet - (2001) Pause - 05. Leila Came Round and We Watched a Video.flac
97a22adf5db7607400f50859403d6d5e	/Volumes/dotad/MUSIC/Sam Cooke/(1951) Portrait of a Legend 1951-1964/Sam Cooke - (1951) Portrait of a Legend 1951-1964 - 17. Bring It On Home to Me.flac
97a22adf5db7607400f50859403d6d5e	/Volumes/dotad/MUSIC/Sam Cooke/(2003) Portrait of a Legend 1951-1964/Sam Cooke - (2003) Portrait of a Legend 1951-1964 - 17. Bring It On Home to Me (1).flac
97caa10a080096d59f52b32cf369743d	/Volumes/dotad/MUSIC/The Blessed Madonna/(2024) Godspeed/The Blessed Madonna - (2024) Godspeed - 01. God Has Left the Room (intro) (4).flac
97caa10a080096d59f52b32cf369743d	/Volumes/dotad/MUSIC/The Blessed Madonna/(2024) Godspeed/The Blessed Madonna - (2024) Godspeed - 01. God Has Left the Room (intro).flac
984d52b0020fc756cda0e4d0209895c2	/Volumes/dotad/MUSIC/Zedbazi/(2019) Zedbazi/Zedbazi - (2019) Zedbazi - 20. Talafaate Jang (4).flac
984d52b0020fc756cda0e4d0209895c2	/Volumes/dotad/MUSIC/Zedbazi/(2019) Zedbazi/Zedbazi - (2019) Zedbazi - 20. Talafaate Jang.flac
988fb16dde43b572a3c96e7544881821	/Volumes/dotad/MUSIC/John Coltrane/(1964) Live at Birdland/John Coltrane - (1964) Live at Birdland - 04. Alabama (1).flac
988fb16dde43b572a3c96e7544881821	/Volumes/dotad/MUSIC/John Coltrane/(1989) Live at Birdland/John Coltrane - (1989) Live at Birdland - 04. Alabama.flac
9dff9c83b48bb1034a018805ea6462a2	/Volumes/dotad/MUSIC/Pépite/(2019) Virages/Pépite - (2019) Virages - 08. Zizanie (4).flac
9dff9c83b48bb1034a018805ea6462a2	/Volumes/dotad/MUSIC/Pépite/(2019) Virages/Pépite - (2019) Virages - 08. Zizanie.flac
9f363ae8c5390aa8b28edecf39ad1ee2	/Volumes/dotad/MUSIC/The Blessed Madonna/(2024) Godspeed/The Blessed Madonna - (2024) Godspeed - 23. Your Mom < 3 (interlude) (4).flac
9f363ae8c5390aa8b28edecf39ad1ee2	/Volumes/dotad/MUSIC/The Blessed Madonna/(2024) Godspeed/The Blessed Madonna - (2024) Godspeed - 23. Your Mom < 3 (interlude).flac
a0aa1e023a79d018d5f88ecaed8d93ba	/Volumes/dotad/MUSIC/Primal Scream/(2019) Maximum Rock 'n' Roll: The Singles/Primal Scream - (2019) Maximum Rock 'n' Roll: The Singles - 01-15. Burning Wheel (2).flac
a0aa1e023a79d018d5f88ecaed8d93ba	/Volumes/dotad/MUSIC/Primal Scream/(2019) Maximum Rock 'n' Roll: The Singles/Primal Scream - (2019) Maximum Rock 'n' Roll: The Singles - 01-15. Burning Wheel.flac
a0e05a01b7b1131645fd17d2c64b0237	/Volumes/dotad/MUSIC/The Cure/(2001) Acoustic Hits/The Cure - (2001) Acoustic Hits - 01-07. Close to Me (3).flac
a0e05a01b7b1131645fd17d2c64b0237	/Volumes/dotad/MUSIC/The Cure/(2017) Acoustic Hits/The Cure - (2017) Acoustic Hits - 01-07. Close to Me.flac
a0ed7c6915778fe08b40e5c209913306	/Volumes/dotad/MUSIC/Tommy Vicari Jnr/(2016) Pascià EP/Tommy Vicari Jnr - (2016) Pascià EP - 03. Pascià (Voodoo Effect Mix).flac
a0ed7c6915778fe08b40e5c209913306	/Volumes/dotad/MUSIC/Tommy Vicari Jnr/(2016) Pascià/Tommy Vicari Jnr - (2016) Pascià - 03. Pascià (Voodoo Effect Mix) (4).flac
a435cf3c9c2f5e9eb7d1a2a970957713	/Volumes/dotad/MUSIC/Pépite/(2019) Virages/Pépite - (2019) Virages - 12. Rubis (4).flac
a435cf3c9c2f5e9eb7d1a2a970957713	/Volumes/dotad/MUSIC/Pépite/(2019) Virages/Pépite - (2019) Virages - 12. Rubis.flac
a447eae17995f3220cb393b9cf063cc8	/Volumes/dotad/MUSIC/Sam Cooke/(1951) Portrait of a Legend 1951-1964/Sam Cooke - (1951) Portrait of a Legend 1951-1964 - 29. A Change Is Gonna Come.flac
a447eae17995f3220cb393b9cf063cc8	/Volumes/dotad/MUSIC/Sam Cooke/(2003) Portrait of a Legend 1951-1964/Sam Cooke - (2003) Portrait of a Legend 1951-1964 - 29. A Change Is Gonna Come (1).flac
a4f64d3333931da8425ade2d3997dc81	/Volumes/dotad/MUSIC/DAM/(2012) Dabke on the Moon/DAM - (2012) Dabke on the Moon - 10. Mama I Fell in Love With a Jew (1).flac
a4f64d3333931da8425ade2d3997dc81	/Volumes/dotad/MUSIC/DAM/(2012) Dabke on the Moon/DAM - (2012) Dabke on the Moon - 10. Mama I Fell in Love With a Jew.flac
a56c7fc45a84ad83c704bfa2444affc8	/Volumes/dotad/MUSIC/Pépite/(2019) Virages/Pépite - (2019) Virages - 01. Flèches (4).flac
a56c7fc45a84ad83c704bfa2444affc8	/Volumes/dotad/MUSIC/Pépite/(2019) Virages/Pépite - (2019) Virages - 01. Flèches.flac
a8fd9d8b1b1d818b74bc66134133828b	/Volumes/dotad/MUSIC/Soulwax/(2018) ESSENTIAL/Soulwax - (2018) ESSENTIAL - 01. Essential One (2).flac
a8fd9d8b1b1d818b74bc66134133828b	/Volumes/dotad/MUSIC/Soulwax/(2018) ESSENTIAL/Soulwax - (2018) ESSENTIAL - 01. Essential One.flac
a9db08a13f017215731d1c07124aa8c3	/Volumes/dotad/MUSIC/merci, mercy/(2022) is it me, or is it you? EP/merci, mercy - (2022) is it me, or is it you? EP - 02. Winnie Crush (2).flac
a9db08a13f017215731d1c07124aa8c3	/Volumes/dotad/MUSIC/merci, mercy/(2022) is it me, or is it you? EP/merci, mercy - (2022) is it me, or is it you? EP - 02. Winnie Crush.flac
abc4c2642aff697e0bd7a740cfeb54dc	/Volumes/dotad/MUSIC/The Cure/(2001) Acoustic Hits/The Cure - (2001) Acoustic Hits - 01-06. Inbetween Days (3).flac
abc4c2642aff697e0bd7a740cfeb54dc	/Volumes/dotad/MUSIC/The Cure/(2017) Acoustic Hits/The Cure - (2017) Acoustic Hits - 01-06. Inbetween Days.flac
ac9590b8783e1786d1222cac3f8f4139	/Volumes/dotad/MUSIC/Wild Nothing/(2010) Golden Haze EP/Wild Nothing - (2010) Golden Haze EP - 03. Take Me In.flac
ac9590b8783e1786d1222cac3f8f4139	/Volumes/dotad/MUSIC/Wild Nothing/(2010) Golden Haze/Wild Nothing - (2010) Golden Haze - 03. Take Me In (1).flac
acbdb19e0ef5ec33e44150eaf61328ce	/Volumes/dotad/MUSIC/The Cure/(2001) Acoustic Hits/The Cure - (2001) Acoustic Hits - 02-07. Cut Here (2).flac
acbdb19e0ef5ec33e44150eaf61328ce	/Volumes/dotad/MUSIC/The Cure/(2017) Acoustic Hits/The Cure - (2017) Acoustic Hits - 02-07. Cut Here.flac
adf31985cc47e17625e33f193817aeb3	/Volumes/dotad/MUSIC/Soulwax/(2018) ESSENTIAL/Soulwax - (2018) ESSENTIAL - 06. Essential Six (2).flac
adf31985cc47e17625e33f193817aeb3	/Volumes/dotad/MUSIC/Soulwax/(2018) ESSENTIAL/Soulwax - (2018) ESSENTIAL - 06. Essential Six.flac
b09bd073c4a8442e4c2ea2aa1140cc0b	/Volumes/dotad/MUSIC/The xx/(2017) Lips (Edu Imbernon remix) (single)/The xx - (2017) Lips (Edu Imbernon remix) (single) - 01. Lips (Edu Imbernon remix) (4).flac
b09bd073c4a8442e4c2ea2aa1140cc0b	/Volumes/dotad/MUSIC/The xx/(2017) Lips (Edu Imbernon remix)/The xx - (2017) Lips (Edu Imbernon remix) - 01. Lips (Edu Imbernon remix).flac
b0c475b4c49c5dc84873184dcb2cf84c	/Volumes/dotad/MUSIC/The Cure/(2001) Acoustic Hits/The Cure - (2001) Acoustic Hits - 02-05. Mint Car (2).flac
b0c475b4c49c5dc84873184dcb2cf84c	/Volumes/dotad/MUSIC/The Cure/(2017) Acoustic Hits/The Cure - (2017) Acoustic Hits - 02-05. Mint Car.flac
b273941d61491aff586ea808b6ee6dbd	/Volumes/dotad/MUSIC/The Sisters of Mercy/(1993) A Slight Case of Overbombing: Greatest Hits, Volume One/The Sisters of Mercy - (1993) A Slight Case of Overbombing: Greatest Hits, Volume One - 11. Walk Away.flac
b273941d61491aff586ea808b6ee6dbd	/Volumes/dotad/MUSIC/The Sisters of Mercy/(1993) A Slight Case of Overbombing: Greatest Hits, Volume One/The Sisters of Mercy - (1993) A Slight Case of Overbombing: Greatest Hits, Volume One - 11. Walk Away.salvage.flac
b4c1744985e2b8b5c095f31300d01f56	/Volumes/dotad/MUSIC/Weather Report/(1977) Heavy Weather/Weather Report - (1977) Heavy Weather - 01. Birdland (2).flac
b4c1744985e2b8b5c095f31300d01f56	/Volumes/dotad/MUSIC/Weather Report/(1977) Heavy Weather/Weather Report - (1977) Heavy Weather - 01. Birdland.flac
b6764867d5dd8ddc5f12a7925306bb2e	/Volumes/dotad/MUSIC/Wayne Snow/(2017) Freedom TV/Wayne Snow - (2017) Freedom TV - 04. Red Runner (3).flac
b6764867d5dd8ddc5f12a7925306bb2e	/Volumes/dotad/MUSIC/Wayne Snow/(2017) Freedom TV/Wayne Snow - (2017) Freedom TV - 04. Red Runner.flac
b7fe402fa4f77de4ff0a68629e1c6c0b	/Volumes/dotad/MUSIC/Four Tet/(2001) Pause/Four Tet - (2001) Pause - 03. Harmony One (1).flac
b7fe402fa4f77de4ff0a68629e1c6c0b	/Volumes/dotad/MUSIC/Four Tet/(2001) Pause/Four Tet - (2001) Pause - 03. Harmony One.flac
ba74e9f855d216f60f12e0f401656232	/Volumes/dotad/MUSIC/Pépite/(2024) Les Années Lumière/Pépite - (2024) Les Années Lumière - 09. Silence (4).flac
ba74e9f855d216f60f12e0f401656232	/Volumes/dotad/MUSIC/Pépite/(2024) Les Années Lumière/Pépite - (2024) Les Années Lumière - 09. Silence.flac
bd16a3b1087ce04dfd2a0a97587796f3	/Volumes/dotad/MUSIC/John Coltrane/(1960) Giant Steps/John Coltrane - (1960) Giant Steps - 01. Giant Steps (1).flac
bd16a3b1087ce04dfd2a0a97587796f3	/Volumes/dotad/MUSIC/John Coltrane/(2020) Giant Steps/John Coltrane - (2020) Giant Steps - 01. Giant Steps.flac
bd2d386f9e54839b69ed22f7bc7fb7a0	/Volumes/dotad/MUSIC/Pépite/(2019) Virages/Pépite - (2019) Virages - 11. Silence radio (4).flac
bd2d386f9e54839b69ed22f7bc7fb7a0	/Volumes/dotad/MUSIC/Pépite/(2019) Virages/Pépite - (2019) Virages - 11. Silence radio.flac
bff64825b658c8e218b62137eefba3d5	/Volumes/dotad/MUSIC/Pépite/(2024) Les Années Lumière/Pépite - (2024) Les Années Lumière - 06. Facile (4).flac
bff64825b658c8e218b62137eefba3d5	/Volumes/dotad/MUSIC/Pépite/(2024) Les Années Lumière/Pépite - (2024) Les Années Lumière - 06. Facile.flac
c310de6db0e76af6cd8c139f82be61ed	/Volumes/dotad/MUSIC/Tiana Major9/(2022) Fool Me Once/Tiana Major9 - (2022) Fool Me Once - 03. Try Peace... (3).flac
c310de6db0e76af6cd8c139f82be61ed	/Volumes/dotad/MUSIC/Tiana Major9/(2022) Fool Me Once/Tiana Major9 - (2022) Fool Me Once - 03. Try Peace....flac
c43eeed25ce3b2e583b019d59323e38e	/Volumes/dotad/MUSIC/Soulwax/(2018) ESSENTIAL/Soulwax - (2018) ESSENTIAL - 04. Essential Four (2).flac
c43eeed25ce3b2e583b019d59323e38e	/Volumes/dotad/MUSIC/Soulwax/(2018) ESSENTIAL/Soulwax - (2018) ESSENTIAL - 04. Essential Four.flac
c554bfbd6487d41e908bf463bdbab163	/Volumes/dotad/MUSIC/The Cure/(2001) Acoustic Hits/The Cure - (2001) Acoustic Hits - 01-05. The Lovecats (3).flac
c554bfbd6487d41e908bf463bdbab163	/Volumes/dotad/MUSIC/The Cure/(2017) Acoustic Hits/The Cure - (2017) Acoustic Hits - 01-05. The Lovecats.flac
c5af195ee3c460cd2fb12a676286c7e7	/Volumes/dotad/MUSIC/Pépite/(2021) Rêve Réalité/Pépite - (2021) Rêve Réalité - 01. Uno (4).flac
c5af195ee3c460cd2fb12a676286c7e7	/Volumes/dotad/MUSIC/Pépite/(2021) Rêve Réalité/Pépite - (2021) Rêve Réalité - 01. Uno.flac
c6057be358b14c7445637493d02f3f44	/Volumes/dotad/MUSIC/Zombie Nation/(2009) Zombielicious/Zombie Nation - (2009) Zombielicious - 01. Mas de todo (2).flac
c6057be358b14c7445637493d02f3f44	/Volumes/dotad/MUSIC/Zombie Nation/(2009) Zombielicious/Zombie Nation - (2009) Zombielicious - 01. Mas de todo.flac
c704c1c73d0316d522e6b34a5cacb2a1	/Volumes/dotad/MUSIC/Wilco/(2024) Hot Sun Cool Shroud EP/Wilco - (2024) Hot Sun Cool Shroud EP - 01. Hot Sun.flac
c704c1c73d0316d522e6b34a5cacb2a1	/Volumes/dotad/MUSIC/_Recovered_from_DUPES_CHECK/Wilco/(2024) Hot Sun Cool Shroud EP/Wilco - (2024) Hot Sun Cool Shroud EP - 01. Hot Sun.fixed.flac
c9ac96f7ec5c190157e58483dda2080e	/Volumes/dotad/MUSIC/The Lemonheads/(1989) Lick/The Lemonheads - (1989) Lick - 07. Luka (1).flac
c9ac96f7ec5c190157e58483dda2080e	/Volumes/dotad/MUSIC/The Lemonheads/(1995) Lick/The Lemonheads - (1995) Lick - 07. Luka.flac
cb81e7cf41a4af4aa5e66ca312a06307	/Volumes/dotad/MUSIC/Pépite/(2021) Rêve Réalité/Pépite - (2021) Rêve Réalité - 02. Mauvaise Idée (4).flac
cb81e7cf41a4af4aa5e66ca312a06307	/Volumes/dotad/MUSIC/Pépite/(2021) Rêve Réalité/Pépite - (2021) Rêve Réalité - 02. Mauvaise Idée.flac
cc516ce2d4229ee79381f1cbf0e7e461	/Volumes/dotad/MUSIC/Téléphone/(1984) Un autre monde/Téléphone - (1984) Un autre monde - 07. Oublie ça (2).flac
cc516ce2d4229ee79381f1cbf0e7e461	/Volumes/dotad/MUSIC/Téléphone/(1984) Un autre monde/Téléphone - (1984) Un autre monde - 07. Oublie ça.flac
d0453d7757dc483ff1a15ff73cbe6eda	/Volumes/dotad/MUSIC/lost.mindd & Josh Tarzi/(2020) Lakeside (single)/lost.mindd & Josh Tarzi - (2020) Lakeside (single) - 01. Lakeside (3).flac
d0453d7757dc483ff1a15ff73cbe6eda	/Volumes/dotad/MUSIC/lost.mindd & Josh Tarzi/(2020) Lakeside (single)/lost.mindd & Josh Tarzi - (2020) Lakeside (single) - 01. Lakeside.flac
d57687e955b3ea8352db532e9e36e0b2	/Volumes/dotad/MUSIC/Super8 & Tab/(2014) Unified (Extended Mixes)/Super8 & Tab - (2014) Unified (Extended Mixes) - 16. Rubicon (Yotto remix) (2).flac
d57687e955b3ea8352db532e9e36e0b2	/Volumes/dotad/MUSIC/Super8 & Tab/(2015) Unified (Extended Mixes)/Super8 & Tab - (2015) Unified (Extended Mixes) - 16. Rubicon (Yotto remix).flac
d9b622acab4a2bbe3123d9ee8b457e8d	/Volumes/dotad/MUSIC/Sam Cooke/(1963) Mr. Soul/Sam Cooke - (1963) Mr. Soul - 10. Nothing Can Change This Love (2).flac
d9b622acab4a2bbe3123d9ee8b457e8d	/Volumes/dotad/MUSIC/Sam Cooke/(1963) Mr. Soul/Sam Cooke - (1963) Mr. Soul - 10. Nothing Can Change This Love.flac
da4be08fd44e514713469f80eef6d49f	/Volumes/dotad/MUSIC/Amtrac & Samuel T. Herring/(2022) Domino (single)/Amtrac & Samuel T. Herring - (2022) Domino (single) - 01. Domino (2).flac
da4be08fd44e514713469f80eef6d49f	/Volumes/dotad/MUSIC/Amtrac & Samuel T. Herring/(2022) Domino (single)/Amtrac & Samuel T. Herring - (2022) Domino (single) - 01. Domino.flac
daf36983a6708619b5437b45a061d8ec	/Volumes/dotad/MUSIC/Various Interprets/(2025) dolly 15YRS/Various Interprets - (2025) dolly 15YRS - 24. JMX TRAX-E (5).flac
daf36983a6708619b5437b45a061d8ec	/Volumes/dotad/MUSIC/Various Interprets/(2025) dolly 15YRS/Various Interprets - (2025) dolly 15YRS - 24. JMX TRAX-E.flac
db86e2a08f67306e0eeb7ab9d19386f6	/Volumes/dotad/MUSIC/Pépite/(2024) Les Années Lumière/Pépite - (2024) Les Années Lumière - 11. À l'époque (4).flac
db86e2a08f67306e0eeb7ab9d19386f6	/Volumes/dotad/MUSIC/Pépite/(2024) Les Années Lumière/Pépite - (2024) Les Années Lumière - 11. À l'époque.flac
dbf2cd900ec044f997436411b44d631b	/Volumes/dotad/MUSIC/The Detroit Spinners/(1973) Spinners/The Detroit Spinners - (1973) Spinners - 15. I'll Be Around (quad mix) (1).flac
dbf2cd900ec044f997436411b44d631b	/Volumes/dotad/MUSIC/The Detroit Spinners/(2023) Spinners/The Detroit Spinners - (2023) Spinners - 15. I'll Be Around (quad mix).flac
dd88243099860ec0093553807affd32a	/Volumes/dotad/MUSIC/Four Tet/(2001) Pause/Four Tet - (2001) Pause - 09. Tangle (1).flac
dd88243099860ec0093553807affd32a	/Volumes/dotad/MUSIC/Four Tet/(2001) Pause/Four Tet - (2001) Pause - 09. Tangle.flac
ddea798236ec54031a4933208e4e7f0e	/Volumes/dotad/MUSIC/CJ Bolland/(2012) Chicago EP/CJ Bolland - (2012) Chicago EP - 01. Chicago (5).flac
ddea798236ec54031a4933208e4e7f0e	/Volumes/dotad/MUSIC/CJ Bolland/(2012) Chicago EP/CJ Bolland - (2012) Chicago EP - 01. Chicago.flac
e2e206af6d5bd02825dc222effb765f7	/Volumes/dotad/MUSIC/Pépite/(2021) Rêve Réalité/Pépite - (2021) Rêve Réalité - 05. Brume (4).flac
e2e206af6d5bd02825dc222effb765f7	/Volumes/dotad/MUSIC/Pépite/(2021) Rêve Réalité/Pépite - (2021) Rêve Réalité - 05. Brume.flac
e34860278359c764457e8561cb26447c	/Volumes/dotad/MUSIC/Domino/(2008) Super Eurobeat Presents Domino Special Collection Vol. 1/Domino - (2008) Super Eurobeat Presents Domino Special Collection Vol. 1 - 08. Euroboy (extended version) (3).flac
e34860278359c764457e8561cb26447c	/Volumes/dotad/MUSIC/Domino/(2008) Super Eurobeat Presents Domino Special Collection Vol. 1/Domino - (2008) Super Eurobeat Presents Domino Special Collection Vol. 1 - 08. Euroboy (extended version).flac
e3d6de44b09ecd743c24895433c7e5c9	/Volumes/dotad/MUSIC/The Octopus Project/(2010) Hexadecagon/The Octopus Project - (2010) Hexadecagon - 01. Fuguefat (4).flac
e3d6de44b09ecd743c24895433c7e5c9	/Volumes/dotad/MUSIC/The Octopus Project/(2010) Hexadecagon/The Octopus Project - (2010) Hexadecagon - 01. Fuguefat.flac
e3ed8bd7d7fd7d92b2fe2a383a6efbf0	/Volumes/dotad/MUSIC/Les Ombres/(2018) François Couperin : Leçons de ténèbres & motets/Les Ombres - (2018) François Couperin : Leçons de ténèbres & motets - 17. Leçons de ténèbres, Troisième Leçon à deux voix: VI. Jerusalem (3).flac
e3ed8bd7d7fd7d92b2fe2a383a6efbf0	/Volumes/dotad/MUSIC/Les Ombres/(2018) François Couperin : Leçons de ténèbres & motets/Les Ombres - (2018) François Couperin : Leçons de ténèbres & motets - 17. Leçons de ténèbres, Troisième Leçon à deux voix: VI. Jerusalem.flac
e9325c33e2aa72ae69b2a831dad1ce0d	/Volumes/dotad/MUSIC/The Cure/(1987) Kiss Me Kiss Me Kiss Me/The Cure - (1987) Kiss Me Kiss Me Kiss Me - 02-03. Hot Hot Hot!!! (4).flac
e9325c33e2aa72ae69b2a831dad1ce0d	/Volumes/dotad/MUSIC/The Cure/(1987) Kiss Me Kiss Me Kiss Me/The Cure - (1987) Kiss Me Kiss Me Kiss Me - 02-03. Hot Hot Hot!!!.flac
e941850149dd26ba3983d87dfafca421	/Volumes/dotad/MUSIC/Sarah Vaughan/(1958) Vaughan and Violins/Sarah Vaughan - (1958) Vaughan and Violins - 06. Misty (2).flac
e941850149dd26ba3983d87dfafca421	/Volumes/dotad/MUSIC/Sarah Vaughan/(1958) Vaughan and Violins/Sarah Vaughan - (1958) Vaughan and Violins - 06. Misty.flac
ea3a38f82ef20ae6731b1f49b124e2e6	/Volumes/dotad/MUSIC/The Byrds/(1965) Mr. Tambourine Man/The Byrds - (1965) Mr. Tambourine Man - 01. Mr. Tambourine Man (mono) (2).flac
ea3a38f82ef20ae6731b1f49b124e2e6	/Volumes/dotad/MUSIC/The Byrds/(2012) Mr. Tambourine Man/The Byrds - (2012) Mr. Tambourine Man - 01. Mr. Tambourine Man (mono).flac
ebaa3bdf46c5d6313c8564474f600d03	/Volumes/dotad/MUSIC/The Byrds/(1965) Turn! Turn! Turn!/The Byrds - (1965) Turn! Turn! Turn! - 01. Turn! Turn! Turn! (To Everything There Is a Season) (2).flac
ebaa3bdf46c5d6313c8564474f600d03	/Volumes/dotad/MUSIC/The Byrds/(1966) Turn! Turn! Turn!/The Byrds - (1966) Turn! Turn! Turn! - 01. Turn! Turn! Turn! (To Everything There Is a Season).flac
f45b4c8eed6ef8369801562cb9604349	/Volumes/dotad/MUSIC/Sam Gellaitry/(2023) Assumptions (Kaytranada remix)/Sam Gellaitry - (2023) Assumptions (Kaytranada remix) - 01. Assumptions (Kaytranada remix) (2).flac
f45b4c8eed6ef8369801562cb9604349	/Volumes/dotad/MUSIC/Sam Gellaitry/(2023) Assumptions (Kaytranada remix)/Sam Gellaitry - (2023) Assumptions (Kaytranada remix) - 01. Assumptions (Kaytranada remix).flac
f4b87b1ff94588ecb791545c261a8307	/Volumes/dotad/MUSIC/Naima Bock/(2023) So Long, Marianne (single)/Naima Bock - (2023) So Long, Marianne (single) - 01. So Long, Marianne (5).flac
f4b87b1ff94588ecb791545c261a8307	/Volumes/dotad/MUSIC/Naima Bock/(2023) So Long, Marianne (single)/Naima Bock - (2023) So Long, Marianne (single) - 01. So Long, Marianne.flac
f9011438a3fa40514e8ecae5803c9348	/Volumes/dotad/MUSIC/Zedbazi/(2019) Zedbazi/Zedbazi - (2019) Zedbazi - 24. Zendegie Mane (3).flac
f9011438a3fa40514e8ecae5803c9348	/Volumes/dotad/MUSIC/Zedbazi/(2019) Zedbazi/Zedbazi - (2019) Zedbazi - 24. Zendegie Mane.flac
f9c7a3c0792ab7fc0d7f9a6cfc62f805	/Volumes/dotad/MUSIC/France Gall/(1984) Débranche !/France Gall - (1984) Débranche ! - 04. Hong-Kong star (1).flac
f9c7a3c0792ab7fc0d7f9a6cfc62f805	/Volumes/dotad/MUSIC/France Gall/(2004) Débranche !/France Gall - (2004) Débranche ! - 04. Hong-Kong star.flac
fd387c2aa4d4f5710c610a5aa86c3c98	/Volumes/dotad/MUSIC/Shalamar/(1999) A Night to Remember/Shalamar - (1999) A Night to Remember - 06. Take That to the Bank (3).flac
fd387c2aa4d4f5710c610a5aa86c3c98	/Volumes/dotad/MUSIC/Shalamar/(1999) A Night to Remember/Shalamar - (1999) A Night to Remember - 06. Take That to the Bank.flac
fdd73ea5e5e7ecc35607179363c52f42	/Volumes/dotad/MUSIC/The Cure/(2001) Acoustic Hits/The Cure - (2001) Acoustic Hits - 02-03. High (3).flac
fdd73ea5e5e7ecc35607179363c52f42	/Volumes/dotad/MUSIC/The Cure/(2017) Acoustic Hits/The Cure - (2017) Acoustic Hits - 02-03. High.flac
fdf6912c600aad37475e2824e290b792	/Volumes/dotad/MUSIC/Primal Scream/(2019) Maximum Rock 'n' Roll: The Singles/Primal Scream - (2019) Maximum Rock 'n' Roll: The Singles - 01-10. Rocks (2).flac
fdf6912c600aad37475e2824e290b792	/Volumes/dotad/MUSIC/Primal Scream/(2019) Maximum Rock 'n' Roll: The Singles/Primal Scream - (2019) Maximum Rock 'n' Roll: The Singles - 01-10. Rocks.flac
