quarantine_path,original_path,status,quarantine_md5,original_md5
"/Volumes/dotad/MUSIC/_quarantine_from_gemini/Future Disco/(2020) Future Disco: Poolside Sounds 9/Future Disco - (2020) Future Disco: Poolside Sounds 9 - 02. Contortions (Mixed) (1).flac","/Volumes/dotad/MUSIC/Future Disco/(2020) Future Disco: Poolside Sounds 9/Future Disco - (2020) Future Disco: Poolside Sounds 9 - 02. Contortions (Mixed) (1).flac","MISSING","MD5=9ecfde6977f1bdc26a36f2072879ace4",""
"/Volumes/dotad/MUSIC/_quarantine_from_gemini/The xx/(2012) Coexist/The xx - (2012) Coexist - 06. Sunset (1).flac","/Volumes/dotad/MUSIC/The xx/(2012) Coexist/The xx - (2012) Coexist - 06. Sunset (1).flac","MISSING","MD5=e86e58c3c144fcc373d58eaac7db4f43",""
"/Volumes/dotad/MUSIC/_quarantine_from_gemini/Alsarah & the Nubatones/(2025) Seasons of the Road/Alsarah & the Nubatones - (2025) Seasons of the Road - 04. Bye Bye (1).flac","/Volumes/dotad/MUSIC/Alsarah & the Nubatones/(2025) Seasons of the Road/Alsarah & the Nubatones - (2025) Seasons of the Road - 04. Bye Bye (1).flac","MISSING","MD5=938a0430e627cae92a8845a76b8d2a60",""
"Volumes/dotad/MUSIC/_quarantine_from_gemini/Alsarah & the Nubatones/(2025) Seasons of the Road/Alsarah & the Nubatones - (2025) Seasons of the Road - 01. Fa3el fi Eldawam (1).flac","/Volumes/dotad/MUSIC/Volumes/dotad/MUSIC/_quarantine_from_gemini/Alsarah & the Nubatones/(2025) Seasons of the Road/Alsarah & the Nubatones - (2025) Seasons of the Road - 01. Fa3el fi Eldawam (1).flac","MISSING","",""
"/Volumes/dotad/MUSIC/_quarantine_from_gemini/Alsarah & the Nubatones/(2025) Seasons of the Road/Alsarah & the Nubatones - (2025) Seasons of the Road - 03. Sudani (1).flac","/Volumes/dotad/MUSIC/Alsarah & the Nubatones/(2025) Seasons of the Road/Alsarah & the Nubatones - (2025) Seasons of the Road - 03. Sudani (1).flac","MISSING","MD5=00b4a6dc37af5dccc68b2b79c85f1de8",""
"Volumes/dotad/MUSIC/_quarantine_from_gemini/Alsarah & the Nubatones/(2025) Seasons of the Road/Alsarah & the Nubatones - (2025) Seasons of the Road - 06. Disco Star ديسكو ستار (2).flac","/Volumes/dotad/MUSIC/Volumes/dotad/MUSIC/_quarantine_from_gemini/Alsarah & the Nubatones/(2025) Seasons of the Road/Alsarah & the Nubatones - (2025) Seasons of the Road - 06. Disco Star ديسكو ستار (2).flac","MISSING","",""
"/Volumes/dotad/MUSIC/_quarantine_from_gemini/Alsarah & the Nubatones/(2025) Seasons of the Road/Alsarah & the Nubatones - (2025) Seasons of the Road - 07. Habibi (1).flac","/Volumes/dotad/MUSIC/Alsarah & the Nubatones/(2025) Seasons of the Road/Alsarah & the Nubatones - (2025) Seasons of the Road - 07. Habibi (1).flac","MISSING","MD5=1d6e1dbe4f51e267b326bcbf447f3297",""
"Volumes/dotad/MUSIC/_quarantine_from_gemini/Alsarah & the Nubatones/(2025) Seasons of the Road/Alsarah & the Nubatones - (2025) Seasons of the Road - 06. Disco Star ديسكو ستار (1).flac","/Volumes/dotad/MUSIC/Volumes/dotad/MUSIC/_quarantine_from_gemini/Alsarah & the Nubatones/(2025) Seasons of the Road/Alsarah & the Nubatones - (2025) Seasons of the Road - 06. Disco Star ديسكو ستار (1).flac","MISSING","",""
"/Volumes/dotad/MUSIC/_quarantine_from_gemini/Alsarah & the Nubatones/(2025) Seasons of the Road/Alsarah & the Nubatones - (2025) Seasons of the Road - 08. Tendo (Lullaby) (1).flac","/Volumes/dotad/MUSIC/Alsarah & the Nubatones/(2025) Seasons of the Road/Alsarah & the Nubatones - (2025) Seasons of the Road - 08. Tendo (Lullaby) (1).flac","MISSING","MD5=5ea9172856463185314d77a954c9161e",""
"Volumes/dotad/MUSIC/_quarantine_from_gemini/Alsarah & the Nubatones/(2025) Seasons of the Road/Alsarah & the Nubatones - (2025) Seasons of the Road - 05. Turn Around (1).flac","/Volumes/dotad/MUSIC/Volumes/dotad/MUSIC/_quarantine_from_gemini/Alsarah & the Nubatones/(2025) Seasons of the Road/Alsarah & the Nubatones - (2025) Seasons of the Road - 05. Turn Around (1).flac","MISSING","",""
"/Volumes/dotad/MUSIC/_quarantine_from_gemini/Alsarah & the Nubatones/(2025) Seasons of the Road/Alsarah & the Nubatones - (2025) Seasons of the Road - 09. Outro (1).flac","/Volumes/dotad/MUSIC/Alsarah & the Nubatones/(2025) Seasons of the Road/Alsarah & the Nubatones - (2025) Seasons of the Road - 09. Outro (1).flac","MISSING","MD5=ae5c79014b331966ba897c5d83c2f7ea",""
"olumes/dotad/MUSIC/_quarantine_from_gemini/Alsarah & the Nubatones/(2025) Seasons of the Road/Alsarah & the Nubatones - (2025) Seasons of the Road - 02. Men Ana (1).flac","/Volumes/dotad/MUSIC/olumes/dotad/MUSIC/_quarantine_from_gemini/Alsarah & the Nubatones/(2025) Seasons of the Road/Alsarah & the Nubatones - (2025) Seasons of the Road - 02. Men Ana (1).flac","MISSING","",""
"/Volumes/dotad/MUSIC/_quarantine_from_gemini/Alsarah & the Nubatones/(2016) Manara/Alsarah & the Nubatones - (2016) Manara - 12. Asilah (1).flac","/Volumes/dotad/MUSIC/Alsarah & the Nubatones/(2016) Manara/Alsarah & the Nubatones - (2016) Manara - 12. Asilah (1).flac","MISSING","MD5=ead160979d15459d56821b30b75d927a",""
"/Volumes/dotad/MUSIC/_quarantine_from_gemini/Alsarah & the Nubatones/(2016) Manara/Alsarah & the Nubatones - (2016) Manara - 04. Albahr (1).flac","/Volumes/dotad/MUSIC/Alsarah & the Nubatones/(2016) Manara/Alsarah & the Nubatones - (2016) Manara - 04. Albahr (1).flac","MISSING","MD5=4714ffc648b09ac6aa99386707326a8d",""
"Volumes/dotad/MUSIC/_quarantine_from_gemini/Alsarah & the Nubatones/(2016) Manara/Alsarah & the Nubatones - (2016) Manara - 09. Nar (1).flac","/Volumes/dotad/MUSIC/Volumes/dotad/MUSIC/_quarantine_from_gemini/Alsarah & the Nubatones/(2016) Manara/Alsarah & the Nubatones - (2016) Manara - 09. Nar (1).flac","MISSING","",""
"/Volumes/dotad/MUSIC/_quarantine_from_gemini/Alsarah & the Nubatones/(2016) Manara/Alsarah & the Nubatones - (2016) Manara - 05. Fulani Interlude 1 (1).flac","/Volumes/dotad/MUSIC/Alsarah & the Nubatones/(2016) Manara/Alsarah & the Nubatones - (2016) Manara - 05. Fulani Interlude 1 (1).flac","MISSING","MD5=1a610f999dc31930221b1eae97df2aa7",""
"/Volumes/dotad/MUSIC/_quarantine_from_gemini/Alsarah & the Nubatones/(2016) Manara/Alsarah & the Nubatones - (2016) Manara - 10. Manara (1).flac","/Volumes/dotad/MUSIC/Alsarah & the Nubatones/(2016) Manara/Alsarah & the Nubatones - (2016) Manara - 10. Manara (1).flac","MISSING","MD5=df93826b5e280fcbb9dcae740db69139",""
"Volumes/dotad/MUSIC/_quarantine_from_gemini/Alsarah & the Nubatones/(2016) Manara/Alsarah & the Nubatones - (2016) Manara - 06. 3yan T3ban (1).flac","/Volumes/dotad/MUSIC/Volumes/dotad/MUSIC/_quarantine_from_gemini/Alsarah & the Nubatones/(2016) Manara/Alsarah & the Nubatones - (2016) Manara - 06. 3yan T3ban (1).flac","MISSING","",""
"/Volumes/dotad/MUSIC/_quarantine_from_gemini/Alsarah & the Nubatones/(2016) Manara/Alsarah & the Nubatones - (2016) Manara - 08. Ya Watan (1).flac","/Volumes/dotad/MUSIC/Alsarah & the Nubatones/(2016) Manara/Alsarah & the Nubatones - (2016) Manara - 08. Ya Watan (1).flac","MISSING","MD5=b0c2570165c6b5353dab5603c4fc1fe1",""
"Volumes/dotad/MUSIC/_quarantine_from_gemini/Alsarah & the Nubatones/(2016) Manara/Alsarah & the Nubatones - (2016) Manara - 11. 3roos Elneel (1).flac","/Volumes/dotad/MUSIC/Volumes/dotad/MUSIC/_quarantine_from_gemini/Alsarah & the Nubatones/(2016) Manara/Alsarah & the Nubatones - (2016) Manara - 11. 3roos Elneel (1).flac","MISSING","",""
"/Volumes/dotad/MUSIC/_quarantine_from_gemini/Alsarah & the Nubatones/(2016) Manara/Alsarah & the Nubatones - (2016) Manara - 14. Safr Minni (1).flac","/Volumes/dotad/MUSIC/Alsarah & the Nubatones/(2016) Manara/Alsarah & the Nubatones - (2016) Manara - 14. Safr Minni (1).flac","MISSING","MD5=f6da723c594aaeeeb0a92d682bc38e20",""
"/Volumes/dotad/MUSIC/_quarantine_from_gemini/Alsarah & the Nubatones/(2016) Manara/Alsarah & the Nubatones - (2016) Manara - 03. Alforac (1).flac","/Volumes/dotad/MUSIC/Alsarah & the Nubatones/(2016) Manara/Alsarah & the Nubatones - (2016) Manara - 03. Alforac (1).flac","MISSING","MD5=3b4d4f8460b375de610fa222fc7f3d6f",""
"Volumes/dotad/MUSIC/_quarantine_from_gemini/Alsarah & the Nubatones/(2016) Manara/Alsarah & the Nubatones - (2016) Manara - 13. Fulani (1).flac","/Volumes/dotad/MUSIC/Volumes/dotad/MUSIC/_quarantine_from_gemini/Alsarah & the Nubatones/(2016) Manara/Alsarah & the Nubatones - (2016) Manara - 13. Fulani (1).flac","MISSING","",""
"/Volumes/dotad/MUSIC/_quarantine_from_gemini/Alsarah & the Nubatones/(2016) Manara/Alsarah & the Nubatones - (2016) Manara - 01. Salam Nubia (1).flac","/Volumes/dotad/MUSIC/Alsarah & the Nubatones/(2016) Manara/Alsarah & the Nubatones - (2016) Manara - 01. Salam Nubia (1).flac","MISSING","MD5=004c0a9ee228c0ca2b5409556da89af4",""
"Volumes/dotad/MUSIC/_quarantine_from_gemini/Scoobert Doobert/(2021) Big Hug/Scoobert Doobert - (2021) Big Hug - 10. Scared to Reunite (1).flac","/Volumes/dotad/MUSIC/Volumes/dotad/MUSIC/_quarantine_from_gemini/Scoobert Doobert/(2021) Big Hug/Scoobert Doobert - (2021) Big Hug - 10. Scared to Reunite (1).flac","MISSING","",""
"/Volumes/dotad/MUSIC/_quarantine_from_gemini/Scoobert Doobert/(2020) Masks and Monsters/Scoobert Doobert - (2020) Masks and Monsters - 09. Quarantine and Chill (1).flac","/Volumes/dotad/MUSIC/Scoobert Doobert/(2020) Masks and Monsters/Scoobert Doobert - (2020) Masks and Monsters - 09. Quarantine and Chill (1).flac","MISSING","MD5=1d1aa18b963c8ca02a81c32d73383732",""
"/Volumes/dotad/MUSIC/_quarantine_from_gemini/Scoobert Doobert/(2020) Masks and Monsters/Scoobert Doobert - (2020) Masks and Monsters - 11. Shaggy's Anthem (1).flac","/Volumes/dotad/MUSIC/Scoobert Doobert/(2020) Masks and Monsters/Scoobert Doobert - (2020) Masks and Monsters - 11. Shaggy's Anthem (1).flac","MISSING","MD5=4905f74bf06ecc0357b643982ef5a36d",""
"Volumes/dotad/MUSIC/_quarantine_from_gemini/عمرو دياب/(2004) ليلي نهاري/عمرو دياب - (2004) ليلي نهاري - 07. خلينا نشوفك (1).flac","/Volumes/dotad/MUSIC/Volumes/dotad/MUSIC/_quarantine_from_gemini/عمرو دياب/(2004) ليلي نهاري/عمرو دياب - (2004) ليلي نهاري - 07. خلينا نشوفك (1).flac","MISSING","",""
"/Volumes/dotad/MUSIC/_quarantine_from_gemini/David August/(2019) Elysian Fields EP/David August - (2019) Elysian Fields EP - 01. Florence (Rafael Anton Irisarri Deconstruction) (1).flac","/Volumes/dotad/MUSIC/David August/(2019) Elysian Fields EP/David August - (2019) Elysian Fields EP - 01. Florence (Rafael Anton Irisarri Deconstruction) (1).flac","MISSING","MD5=96d5664af6531ca37787162b8fb2a554",""
"lumes/dotad/MUSIC/_quarantine_from_gemini/G.O.D. Pt. III & Twiz the Beat Pro/(2019) Quarantine/G.O.D. Pt. III & Twiz the Beat Pro - (2019) Quarantine - 14. M.O.B.B 4 Life (1).flac","/Volumes/dotad/MUSIC/lumes/dotad/MUSIC/_quarantine_from_gemini/G.O.D. Pt. III & Twiz the Beat Pro/(2019) Quarantine/G.O.D. Pt. III & Twiz the Beat Pro - (2019) Quarantine - 14. M.O.B.B 4 Life (1).flac","MISSING","",""
"/Volumes/dotad/MUSIC/_quarantine_from_gemini/Amine Doukali/(2022) Tamally maak (feat. Marina Barskaya)/Amine Doukali - (2022) Tamally maak (feat. Marina Barskaya) - 01. Tamally maak (1).flac","/Volumes/dotad/MUSIC/Amine Doukali/(2022) Tamally maak (feat. Marina Barskaya)/Amine Doukali - (2022) Tamally maak (feat. Marina Barskaya) - 01. Tamally maak (1).flac","MISSING","MD5=9ca7ee61e5ce1b78d76649b279f49e36",""
"Volumes/dotad/MUSIC/_quarantine_from_gemini/Soundtrack/(1994) Quarantine/Soundtrack - (1994) Quarantine - 10. Whirlwind (1).flac","/Volumes/dotad/MUSIC/Volumes/dotad/MUSIC/_quarantine_from_gemini/Soundtrack/(1994) Quarantine/Soundtrack - (1994) Quarantine - 10. Whirlwind (1).flac","MISSING","",""
"/Volumes/dotad/MUSIC/_quarantine_from_gemini/Soundtrack/(1994) Quarantine/Soundtrack - (1994) Quarantine - 12. Now You Know (3).flac","/Volumes/dotad/MUSIC/Soundtrack/(1994) Quarantine/Soundtrack - (1994) Quarantine - 12. Now You Know (3).flac","MISSING","MD5=1c9e28beaf2912acfdc05fabc5fc774a",""
"Volumes/dotad/MUSIC/_quarantine_from_gemini/Morcheeba - (2002) Charango - 02-02. Otherwise 2.flac","/Volumes/dotad/MUSIC/Volumes/dotad/MUSIC/_quarantine_from_gemini/Morcheeba - (2002) Charango - 02-02. Otherwise 2.flac","MISSING","",""
"/Volumes/dotad/MUSIC/_quarantine_from_gemini/Volatile/(1996) Quarantine EP/Volatile - (1996) Quarantine EP - 07. Scarred (1).flac","/Volumes/dotad/MUSIC/Volatile/(1996) Quarantine EP/Volatile - (1996) Quarantine EP - 07. Scarred (1).flac","MISSING","MD5=f66e8bfc5ee78bfdac340e2c14a7f462",""
"/Volumes/dotad/MUSIC/_quarantine_from_gemini/Volatile/(1996) Quarantine EP/Volatile - (1996) Quarantine EP - 06. Dust (2).flac","/Volumes/dotad/MUSIC/Volatile/(1996) Quarantine EP/Volatile - (1996) Quarantine EP - 06. Dust (2).flac","MISSING","MD5=87592eb44c10283038d4ace72243cdb9",""
"Volumes/dotad/MUSIC/_quarantine_from_gemini/Volatile/(1996) Quarantine EP/Volatile - (1996) Quarantine EP - 06. Dust (1).flac","/Volumes/dotad/MUSIC/Volumes/dotad/MUSIC/_quarantine_from_gemini/Volatile/(1996) Quarantine EP/Volatile - (1996) Quarantine EP - 06. Dust (1).flac","MISSING","",""
"/Volumes/dotad/MUSIC/_quarantine_from_gemini/Soulwax/(2025) All Systems Are Lying/Soulwax - (2025) All Systems Are Lying - 02. Run Free (1).flac","/Volumes/dotad/MUSIC/Soulwax/(2025) All Systems Are Lying/Soulwax - (2025) All Systems Are Lying - 02. Run Free (1).flac","MISSING","MD5=e62d7c350f0db4d21487fe1d0a108be8",""
"lumes/dotad/MUSIC/_quarantine_from_gemini/Soulwax/(2025) All Systems Are Lying/Soulwax - (2025) All Systems Are Lying - 06. Gimme a Reason (1).flac","/Volumes/dotad/MUSIC/lumes/dotad/MUSIC/_quarantine_from_gemini/Soulwax/(2025) All Systems Are Lying/Soulwax - (2025) All Systems Are Lying - 06. Gimme a Reason (1).flac","MISSING","",""
"/Volumes/dotad/MUSIC/_quarantine_from_gemini/El Búho/(2018) Tributaries: A Remix Album/El Búho - (2018) Tributaries: A Remix Album - 10. 3roos Elneel (El Búho remix) (1).flac","/Volumes/dotad/MUSIC/El Búho/(2018) Tributaries: A Remix Album/El Búho - (2018) Tributaries: A Remix Album - 10. 3roos Elneel (El Búho remix) (1).flac","MISSING","MD5=aa9d68f373e7833dfcb8f62e571b55f7",""
"Volumes/dotad/MUSIC/_quarantine_from_gemini/Akram Hosny/(2021) Law Kont/Akram Hosny - (2021) Law Kont - 01. Law Kont (1).flac","/Volumes/dotad/MUSIC/Volumes/dotad/MUSIC/_quarantine_from_gemini/Akram Hosny/(2021) Law Kont/Akram Hosny - (2021) Law Kont - 01. Law Kont (1).flac","MISSING","",""
"/Volumes/dotad/MUSIC/_quarantine_from_gemini/_Recovered_from_DUPES_CHECK/Alanis Morissette & Carly Simon/(2025) Coming Around Again/Alanis Morissette & Carly Simon - (2025) Coming Around Again - 01. Coming Around Again (2).flac","/Volumes/dotad/MUSIC/_Recovered_from_DUPES_CHECK/Alanis Morissette & Carly Simon/(2025) Coming Around Again/Alanis Morissette & Carly Simon - (2025) Coming Around Again - 01. Coming Around Again (2).flac","MISSING","MD5=8aec25acf0fd2bb3eb28296f79689a00",""
"olumes/dotad/MUSIC/_quarantine_from_gemini/almost monday/(2022) sunburn/almost monday - (2022) sunburn - 01. sunburn (1).flac","/Volumes/dotad/MUSIC/olumes/dotad/MUSIC/_quarantine_from_gemini/almost monday/(2022) sunburn/almost monday - (2022) sunburn - 01. sunburn (1).flac","MISSING","",""
"/Volumes/dotad/MUSIC/_quarantine_from_gemini/Damian Lazarus/(2025) Magickal/Damian Lazarus - (2025) Magickal - 04. Falling Down (1).flac","/Volumes/dotad/MUSIC/Damian Lazarus/(2025) Magickal/Damian Lazarus - (2025) Magickal - 04. Falling Down (1).flac","MISSING","MD5=21aedf6ef155c783431be7e4160e6755",""
"Volumes/dotad/MUSIC/_quarantine_from_gemini/Alex Tomb/(2008) The Gardens Of Babylon/Alex Tomb - (2008) The Gardens Of Babylon - 03. The Gardens Of Babylon (1).flac","/Volumes/dotad/MUSIC/Volumes/dotad/MUSIC/_quarantine_from_gemini/Alex Tomb/(2008) The Gardens Of Babylon/Alex Tomb - (2008) The Gardens Of Babylon - 03. The Gardens Of Babylon (1).flac","MISSING","",""
"/Volumes/dotad/MUSIC/_quarantine_from_gemini/Cut Copy/(2017) Black Rainbows (single)/Cut Copy - (2017) Black Rainbows (single) - 01. Black Rainbows (Edit).flac","/Volumes/dotad/MUSIC/Cut Copy/(2017) Black Rainbows (single)/Cut Copy - (2017) Black Rainbows (single) - 01. Black Rainbows (Edit).flac","MISSING","MD5=b5e3a6c003e6be2a4f2139f6cdf2dc94",""
"Volumes/dotad/MUSIC/_quarantine_from_gemini/Cut Copy/(2020) Freeze, Melt/Cut Copy - (2020) Freeze, Melt - 08. In Transit.flac","/Volumes/dotad/MUSIC/Volumes/dotad/MUSIC/_quarantine_from_gemini/Cut Copy/(2020) Freeze, Melt/Cut Copy - (2020) Freeze, Melt - 08. In Transit.flac","MISSING","",""
"/Volumes/dotad/MUSIC/_quarantine_from_gemini/Cut Copy/(2020) Freeze, Melt/Cut Copy - (2020) Freeze, Melt - 03. Love Is All We Share.flac","/Volumes/dotad/MUSIC/Cut Copy/(2020) Freeze, Melt/Cut Copy - (2020) Freeze, Melt - 03. Love Is All We Share.flac","MISSING","MD5=0a310997d33b7b348f59f33095091570",""
"es/dotad/MUSIC/_quarantine_from_gemini/Morcheeba/(2025) Escape the Chaos/Morcheeba - (2025) Escape the Chaos - 08. Cooler Heads (1).flac","/Volumes/dotad/MUSIC/es/dotad/MUSIC/_quarantine_from_gemini/Morcheeba/(2025) Escape the Chaos/Morcheeba - (2025) Escape the Chaos - 08. Cooler Heads (1).flac","MISSING","",""
"/Volumes/dotad/MUSIC/_quarantine_from_gemini/Morcheeba/(2025) Escape the Chaos/Morcheeba - (2025) Escape the Chaos - 03. Peace of Me (1).flac","/Volumes/dotad/MUSIC/Morcheeba/(2025) Escape the Chaos/Morcheeba - (2025) Escape the Chaos - 03. Peace of Me (1).flac","MISSING","MD5=f2b7c475aac6717aa371318d187893f9",""
"lumes/dotad/MUSIC/_quarantine_from_gemini/AKZENTH/(2022) Night/AKZENTH - (2022) Night - 01. Night (1).flac","/Volumes/dotad/MUSIC/lumes/dotad/MUSIC/_quarantine_from_gemini/AKZENTH/(2022) Night/AKZENTH - (2022) Night - 01. Night (1).flac","MISSING","",""
"/Volumes/dotad/MUSIC/_quarantine_from_gemini/Altın Gün/(2021) Yol/Altın Gün - (2021) Yol - 12. Esmerim Güzelim (1).flac","/Volumes/dotad/MUSIC/Altın Gün/(2021) Yol/Altın Gün - (2021) Yol - 12. Esmerim Güzelim (1).flac","MISSING","MD5=7e464cdcee0b26a4a237f2738c801ebe",""
"Volumes/dotad/MUSIC/_quarantine_from_gemini/Altın Gün/(2018) On/Altın Gün - (2018) On - 10. Şeker Oğlan (1).flac","/Volumes/dotad/MUSIC/Volumes/dotad/MUSIC/_quarantine_from_gemini/Altın Gün/(2018) On/Altın Gün - (2018) On - 10. Şeker Oğlan (1).flac","MISSING","",""
"/Volumes/dotad/MUSIC/_quarantine_from_gemini/Altın Gün/(2019) Gece/Altın Gün - (2019) Gece - 07. Kolbastı (1).flac","/Volumes/dotad/MUSIC/Altın Gün/(2019) Gece/Altın Gün - (2019) Gece - 07. Kolbastı (1).flac","MISSING","MD5=eeeb08be6b4ecb02ff7f895fc9c438dd",""
"Volumes/dotad/MUSIC/_quarantine_from_gemini/Altın Gün/(2019) Gece/Altın Gün - (2019) Gece - 05. Şoför Bey (1).flac","/Volumes/dotad/MUSIC/Volumes/dotad/MUSIC/_quarantine_from_gemini/Altın Gün/(2019) Gece/Altın Gün - (2019) Gece - 05. Şoför Bey (1).flac","MISSING","",""
"/Volumes/dotad/MUSIC/_quarantine_from_gemini/Altın Gün/(2019) Gece/Altın Gün - (2019) Gece - 02. Vay Dünya (1).flac","/Volumes/dotad/MUSIC/Altın Gün/(2019) Gece/Altın Gün - (2019) Gece - 02. Vay Dünya (1).flac","MISSING","MD5=508c0d170bd4a7fc7b0877cbd5e2bae6",""
"Volumes/dotad/MUSIC/_quarantine_from_gemini/Altın Gün/(2019) Gece/Altın Gün - (2019) Gece - 06. Derdimi Dökersem (1).flac","/Volumes/dotad/MUSIC/Volumes/dotad/MUSIC/_quarantine_from_gemini/Altın Gün/(2019) Gece/Altın Gün - (2019) Gece - 06. Derdimi Dökersem (1).flac","MISSING","",""
"/Volumes/dotad/MUSIC/_quarantine_from_gemini/Altın Gün/(2019) Gece/Altın Gün - (2019) Gece - 10. Süpürgesi Yoncadan (1).flac","/Volumes/dotad/MUSIC/Altın Gün/(2019) Gece/Altın Gün - (2019) Gece - 10. Süpürgesi Yoncadan (1).flac","MISSING","MD5=68dcdd5318ddb22110d67b284a2c7afa",""
"Volumes/dotad/MUSIC/_quarantine_from_gemini/Altın Gün/(2019) Gece/Altın Gün - (2019) Gece - 08. Ervah-ı Ezelde (1).flac","/Volumes/dotad/MUSIC/Volumes/dotad/MUSIC/_quarantine_from_gemini/Altın Gün/(2019) Gece/Altın Gün - (2019) Gece - 08. Ervah-ı Ezelde (1).flac","MISSING","",""
"/Volumes/dotad/MUSIC/_quarantine_from_gemini/Altın Gün/(2019) Gece/Altın Gün - (2019) Gece - 01. Yolcu (1).flac","/Volumes/dotad/MUSIC/Altın Gün/(2019) Gece/Altın Gün - (2019) Gece - 01. Yolcu (1).flac","MISSING","MD5=702a685f2a5368690742b95bff99f5a4",""
"/Volumes/dotad/MUSIC/_quarantine_from_gemini/Altın Gün/(2019) Gece/Altın Gün - (2019) Gece - 04. Anlatmam Derdimi (1).flac","/Volumes/dotad/MUSIC/Altın Gün/(2019) Gece/Altın Gün - (2019) Gece - 04. Anlatmam Derdimi (1).flac","MISSING","MD5=ade3b82f22ac8ae668a10a3eab791585",""
"Volumes/dotad/MUSIC/_quarantine_from_gemini/Altın Gün/(2019) Gece/Altın Gün - (2019) Gece - 09. Gesi Bağları (1).flac","/Volumes/dotad/MUSIC/Volumes/dotad/MUSIC/_quarantine_from_gemini/Altın Gün/(2019) Gece/Altın Gün - (2019) Gece - 09. Gesi Bağları (1).flac","MISSING","",""
"/Volumes/dotad/MUSIC/_quarantine_from_gemini/John Maus/(2025) Later Than You Think/John Maus - (2025) Later Than You Think - 03. Reconstruct Your Life (1).flac","/Volumes/dotad/MUSIC/John Maus/(2025) Later Than You Think/John Maus - (2025) Later Than You Think - 03. Reconstruct Your Life (1).flac","MISSING","MD5=75d85a63d24b6310823e267911ad68aa",""
"lumes/dotad/MUSIC/_quarantine_from_gemini/John Maus/(2025) Later Than You Think/John Maus - (2025) Later Than You Think - 04. Shout (1).flac","/Volumes/dotad/MUSIC/lumes/dotad/MUSIC/_quarantine_from_gemini/John Maus/(2025) Later Than You Think/John Maus - (2025) Later Than You Think - 04. Shout (1).flac","MISSING","",""
"/Volumes/dotad/MUSIC/_quarantine_from_gemini/John Maus/(2025) Later Than You Think/John Maus - (2025) Later Than You Think - 06. I Hate Antichrist (1).flac","/Volumes/dotad/MUSIC/John Maus/(2025) Later Than You Think/John Maus - (2025) Later Than You Think - 06. I Hate Antichrist (1).flac","MISSING","MD5=6a02a6562c7ce3b4f4b075937b70d112",""
"olumes/dotad/MUSIC/_quarantine_from_gemini/Tiny Grimes/(2004) Blues & Rhythm Series: The Chronological Tiny Grimes 1949-1951/Tiny Grimes - (2004) Blues & Rhythm Series: The Chronological Tiny Grimes 1949-1951 - 04. Frankie and Johnny Boogie.flac","/Volumes/dotad/MUSIC/olumes/dotad/MUSIC/_quarantine_from_gemini/Tiny Grimes/(2004) Blues & Rhythm Series: The Chronological Tiny Grimes 1949-1951/Tiny Grimes - (2004) Blues & Rhythm Series: The Chronological Tiny Grimes 1949-1951 - 04. Frankie and Johnny Boogie.flac","MISSING","",""
"/Volumes/dotad/MUSIC/_quarantine_from_gemini/Tiny Grimes/(2004) Blues & Rhythm Series: The Chronological Tiny Grimes 1949-1951/Tiny Grimes - (2004) Blues & Rhythm Series: The Chronological Tiny Grimes 1949-1951 - 03. I'm in Love with You Baby.flac","/Volumes/dotad/MUSIC/Tiny Grimes/(2004) Blues & Rhythm Series: The Chronological Tiny Grimes 1949-1951/Tiny Grimes - (2004) Blues & Rhythm Series: The Chronological Tiny Grimes 1949-1951 - 03. I'm in Love with You Baby.flac","MISSING","MD5=a6cf929a44cc058d22992f44e47dbfbe",""
"/Volumes/dotad/MUSIC/_quarantine_from_gemini/Various Artists/(2011) Komen Eten 2/Various Artists - (2011) Komen Eten 2 - 02-09. La Javanaise.flac","/Volumes/dotad/MUSIC/Various Artists/(2011) Komen Eten 2/Various Artists - (2011) Komen Eten 2 - 02-09. La Javanaise.flac","MISSING","MD5=c14f8fd964131bcee18485f11f4a2157",""
"/Volumes/dotad/MUSIC/_quarantine_from_gemini/Various Artists/(2015) Serious Beats 80/Various Artists - (2015) Serious Beats 80 - 03-01. Voohoo.flac","/Volumes/dotad/MUSIC/Various Artists/(2015) Serious Beats 80/Various Artists - (2015) Serious Beats 80 - 03-01. Voohoo.flac","MISSING","MD5=d31d1a9065d37d63cb9c0701a527a142",""
"olumes/dotad/MUSIC/_quarantine_from_gemini/Various Artists/(2014) Nova Danse 1930 | 2020/Various Artists - (2014) Nova Danse 1930 | 2020 - 01-01. Harlem Shout.flac","/Volumes/dotad/MUSIC/olumes/dotad/MUSIC/_quarantine_from_gemini/Various Artists/(2014) Nova Danse 1930 | 2020/Various Artists - (2014) Nova Danse 1930 | 2020 - 01-01. Harlem Shout.flac","MISSING","",""
"/Volumes/dotad/MUSIC/_quarantine_from_gemini/Various Artists/(2005) Every Day a Story 2/Various Artists - (2005) Every Day a Story 2 - 02. Yellow Sunset.flac","/Volumes/dotad/MUSIC/Various Artists/(2005) Every Day a Story 2/Various Artists - (2005) Every Day a Story 2 - 02. Yellow Sunset.flac","MISSING","MD5=e277c263a38c722f496505b678783b05",""
"Volumes/dotad/MUSIC/_quarantine_from_gemini/Various Artists/(2021) The Annual 2022/Various Artists - (2021) The Annual 2022 - 01-16. Feels.flac","/Volumes/dotad/MUSIC/Volumes/dotad/MUSIC/_quarantine_from_gemini/Various Artists/(2021) The Annual 2022/Various Artists - (2021) The Annual 2022 - 01-16. Feels.flac","MISSING","",""
"/Volumes/dotad/MUSIC/_quarantine_from_gemini/Various Artists/(2014) Majestic Casual - Chapter 2/Various Artists - (2014) Majestic Casual - Chapter 2 - 02-03. Chained (Liar remix).flac","/Volumes/dotad/MUSIC/Various Artists/(2014) Majestic Casual - Chapter 2/Various Artists - (2014) Majestic Casual - Chapter 2 - 02-03. Chained (Liar remix).flac","MISSING","MD5=274b467cb7ac6c1135799a319207068f",""
"Volumes/dotad/MUSIC/_quarantine_from_gemini/Various Artists/(2017) DJ-Kicks: The Exclusives Vol. 3/Various Artists - (2017) DJ-Kicks: The Exclusives Vol. 3 - 03. Wrong With Us.flac","/Volumes/dotad/MUSIC/Volumes/dotad/MUSIC/_quarantine_from_gemini/Various Artists/(2017) DJ-Kicks: The Exclusives Vol. 3/Various Artists - (2017) DJ-Kicks: The Exclusives Vol. 3 - 03. Wrong With Us.flac","MISSING","",""
"/Volumes/dotad/MUSIC/_quarantine_from_gemini/Alain Delorme/(2018) Romantique avec toi et autres succès/Alain Delorme - (2018) Romantique avec toi et autres succès - 15. J'ai un petit faible pour toi (1).flac","/Volumes/dotad/MUSIC/Alain Delorme/(2018) Romantique avec toi et autres succès/Alain Delorme - (2018) Romantique avec toi et autres succès - 15. J'ai un petit faible pour toi (1).flac","MISSING","MD5=2ac3744b59e5523bf668cb0debce36f8",""
"/Volumes/dotad/MUSIC/_quarantine_from_gemini/Gorillaz/(2011) The Singles Collection 2001-2011/Gorillaz - (2011) The Singles Collection 2001-2011 - 01-15. 19-2000 (Soulchild Remix).flac","/Volumes/dotad/MUSIC/Gorillaz/(2011) The Singles Collection 2001-2011/Gorillaz - (2011) The Singles Collection 2001-2011 - 01-15. 19-2000 (Soulchild Remix).flac","MISSING","MD5=0b9492e7ceadd01fd2729d71569b1444",""
"olumes/dotad/MUSIC/_quarantine_from_gemini/AJR/(2017) The Click/AJR - (2017) The Click - 04. Sober Up (1).flac","/Volumes/dotad/MUSIC/olumes/dotad/MUSIC/_quarantine_from_gemini/AJR/(2017) The Click/AJR - (2017) The Click - 04. Sober Up (1).flac","MISSING","",""
"/Volumes/dotad/MUSIC/_quarantine_from_gemini/Fouk/(2015) Kill Frenzy EP/Fouk - (2015) Kill Frenzy EP - 02. Lefty's Bar (1).flac","/Volumes/dotad/MUSIC/Fouk/(2015) Kill Frenzy EP/Fouk - (2015) Kill Frenzy EP - 02. Lefty's Bar (1).flac","MISSING","MD5=03536ab603f1997620746c7c94d08b29",""
"Volumes/dotad/MUSIC/_quarantine_from_gemini/DJ Spen & Thommy Davis/(2016) The Spen & Thommy Disco Dub Anthems, Vol. 1/DJ Spen & Thommy Davis - (2016) The Spen & Thommy Disco Dub Anthems, Vol. 1 - 07. Without Your Love (feat. Randy Roberts) [Spen & Thommy Heavy Vibes Mix].flac","/Volumes/dotad/MUSIC/Volumes/dotad/MUSIC/_quarantine_from_gemini/DJ Spen & Thommy Davis/(2016) The Spen & Thommy Disco Dub Anthems, Vol. 1/DJ Spen & Thommy Davis - (2016) The Spen & Thommy Disco Dub Anthems, Vol. 1 - 07. Without Your Love (feat. Randy Roberts) [Spen & Thommy Heavy Vibes Mix].flac","MISSING","",""
"/Volumes/dotad/MUSIC/_quarantine_from_gemini/Air/(2015) The Remixes, Vol.1/Air - (2015) The Remixes, Vol.1 - 06. Le soleil est près de moi (Automator remix) (1).flac","/Volumes/dotad/MUSIC/Air/(2015) The Remixes, Vol.1/Air - (2015) The Remixes, Vol.1 - 06. Le soleil est près de moi (Automator remix) (1).flac","MISSING","MD5=412d0ab52f57580f6d09d9ac1ff90c45",""
"Volumes/dotad/MUSIC/_quarantine_from_gemini/Johann Sebastian Bach; Tatiana Nikolayeva/(1992) Die Kunst der Fuge (The Art of Fugue)/Johann Sebastian Bach; Tatiana Nikolayeva - (1992) Die Kunst der Fuge (The Art of Fugue) - 01-07. The Art of Fugue, BWV 1080: Contrapunctus 1.flac","/Volumes/dotad/MUSIC/Volumes/dotad/MUSIC/_quarantine_from_gemini/Johann Sebastian Bach; Tatiana Nikolayeva/(1992) Die Kunst der Fuge (The Art of Fugue)/Johann Sebastian Bach; Tatiana Nikolayeva - (1992) Die Kunst der Fuge (The Art of Fugue) - 01-07. The Art of Fugue, BWV 1080: Contrapunctus 1.flac","MISSING","",""
"/Volumes/dotad/MUSIC/_quarantine_from_gemini/Johann Sebastian Bach; Tatiana Nikolayeva/(1992) Die Kunst der Fuge (The Art of Fugue)/Johann Sebastian Bach; Tatiana Nikolayeva - (1992) Die Kunst der Fuge (The Art of Fugue) - 01-03. Duet no. 1 in E minor, BWV 802.flac","/Volumes/dotad/MUSIC/Johann Sebastian Bach; Tatiana Nikolayeva/(1992) Die Kunst der Fuge (The Art of Fugue)/Johann Sebastian Bach; Tatiana Nikolayeva - (1992) Die Kunst der Fuge (The Art of Fugue) - 01-03. Duet no. 1 in E minor, BWV 802.flac","MISSING","MD5=e51d01c4fe553dcf08aa7aeaf46bf71b",""
"/Volumes/dotad/MUSIC/_quarantine_from_gemini/WhoMadeWho/(2019) Watergate 26/WhoMadeWho - (2019) Watergate 26 - 19. Smile.flac","/Volumes/dotad/MUSIC/WhoMadeWho/(2019) Watergate 26/WhoMadeWho - (2019) Watergate 26 - 19. Smile.flac","MISSING","MD5=02ac8462740ec8a47b002aaf8146c1ed",""
"/Volumes/dotad/MUSIC/_quarantine_from_gemini/Dan Brown read by Paul Michael/(2009) The Lost Symbol/Dan Brown read by Paul Michael - (2009) The Lost Symbol - 11-01. Part 209.flac","/Volumes/dotad/MUSIC/Dan Brown read by Paul Michael/(2009) The Lost Symbol/Dan Brown read by Paul Michael - (2009) The Lost Symbol - 11-01. Part 209.flac","MISSING","MD5=25a88d09245c457cbf1672c6008e1917",""
"/Volumes/dotad/MUSIC/_quarantine_from_gemini/Jacques Loussier/(2002) Play Bach/Jacques Loussier - (2002) Play Bach - 03. Chromatic Fantasia in D Minor (1).flac","/Volumes/dotad/MUSIC/Jacques Loussier/(2002) Play Bach/Jacques Loussier - (2002) Play Bach - 03. Chromatic Fantasia in D Minor (1).flac","MISSING","MD5=d1822c8296b618ef2fd12325810791b4",""
"Volumes/dotad/MUSIC/_quarantine_from_gemini/Jacques Loussier/(2002) Play Bach/Jacques Loussier - (2002) Play Bach - 02. Invention No. 8 in F Major (4).flac","/Volumes/dotad/MUSIC/Volumes/dotad/MUSIC/_quarantine_from_gemini/Jacques Loussier/(2002) Play Bach/Jacques Loussier - (2002) Play Bach - 02. Invention No. 8 in F Major (4).flac","MISSING","",""
"/Volumes/dotad/MUSIC/_quarantine_from_gemini/Jacques Loussier/(2002) Play Bach/Jacques Loussier - (2002) Play Bach - 10. Prelude and Fugue No.1 in C major (1).flac","/Volumes/dotad/MUSIC/Jacques Loussier/(2002) Play Bach/Jacques Loussier - (2002) Play Bach - 10. Prelude and Fugue No.1 in C major (1).flac","MISSING","MD5=e073656ed9ba982467dfbfa9ae8797d7",""
"/Volumes/dotad/MUSIC/_quarantine_from_gemini/Jacques Loussier/(2002) Play Bach/Jacques Loussier - (2002) Play Bach - 02. Invention No. 8 in F Major (2).flac","/Volumes/dotad/MUSIC/Jacques Loussier/(2002) Play Bach/Jacques Loussier - (2002) Play Bach - 02. Invention No. 8 in F Major (2).flac","MISSING","MD5=0d8ae8238404877e250386c2a7683c25",""
"/Volumes/dotad/MUSIC/_quarantine_from_gemini/Jacques Loussier/(2002) Play Bach/Jacques Loussier - (2002) Play Bach - 02. Invention No. 8 in F Major (1).flac","/Volumes/dotad/MUSIC/Jacques Loussier/(2002) Play Bach/Jacques Loussier - (2002) Play Bach - 02. Invention No. 8 in F Major (1).flac","MISSING","MD5=545e6d2c1ca15fee380165ec82a2beb0",""
"/Volumes/dotad/MUSIC/_quarantine_from_gemini/Jacques Loussier/(2002) Play Bach/Jacques Loussier - (2002) Play Bach - 02. Invention No. 8 in F Major (3).flac","/Volumes/dotad/MUSIC/Jacques Loussier/(2002) Play Bach/Jacques Loussier - (2002) Play Bach - 02. Invention No. 8 in F Major (3).flac","MISSING","MD5=2856d0beecb488f1caffe51968c0b715",""
"/Volumes/dotad/MUSIC/_quarantine_from_gemini/Mindchatter/(2025) Giving Up On Words/Mindchatter - (2025) Giving Up On Words - 02. Laundry (1).flac","/Volumes/dotad/MUSIC/Mindchatter/(2025) Giving Up On Words/Mindchatter - (2025) Giving Up On Words - 02. Laundry (1).flac","MISSING","MD5=f56bbda263f1456b0316ceb990762014",""
"Volumes/dotad/MUSIC/_quarantine_from_gemini/Aly-Us/(1992) Follow Me (single)/Aly-Us - (1992) Follow Me (single) - 01. Follow Me (club mix) (1).flac","/Volumes/dotad/MUSIC/Volumes/dotad/MUSIC/_quarantine_from_gemini/Aly-Us/(1992) Follow Me (single)/Aly-Us - (1992) Follow Me (single) - 01. Follow Me (club mix) (1).flac","MISSING","",""
"/Volumes/dotad/MUSIC/_quarantine_from_gemini/Taha Fahssi/(2023) 27/Taha Fahssi - (2023) 27 - 19. BLUE LOVE.flac","/Volumes/dotad/MUSIC/Taha Fahssi/(2023) 27/Taha Fahssi - (2023) 27 - 19. BLUE LOVE.flac","MISSING","MD5=2d39d82c0545ac566574bbdcd9f302f5",""
"Volumes/dotad/MUSIC/_quarantine_from_gemini/KAYTRANADA/(2025) AIN'T NO DAMN WAY!/KAYTRANADA - (2025) AIN'T NO DAMN WAY! - 01. SPACE INVADER (1).flac","/Volumes/dotad/MUSIC/Volumes/dotad/MUSIC/_quarantine_from_gemini/KAYTRANADA/(2025) AIN'T NO DAMN WAY!/KAYTRANADA - (2025) AIN'T NO DAMN WAY! - 01. SPACE INVADER (1).flac","MISSING","",""
"/Volumes/dotad/MUSIC/_quarantine_from_gemini/·Corvex·/(2025) Mood Grooves Vol. 5/·Corvex· - (2025) Mood Grooves Vol. 5 - 13. Ether.flac","/Volumes/dotad/MUSIC/·Corvex·/(2025) Mood Grooves Vol. 5/·Corvex· - (2025) Mood Grooves Vol. 5 - 13. Ether.flac","MISSING","MD5=ab5c2714d00e682f4fa4102f14c9588d",""
"olumes/dotad/MUSIC/_quarantine_from_gemini/Crazy P/(2012) Live in London 2012/Crazy P - (2012) Live in London 2012 - 01. Open for Service - Live.flac","/Volumes/dotad/MUSIC/olumes/dotad/MUSIC/_quarantine_from_gemini/Crazy P/(2012) Live in London 2012/Crazy P - (2012) Live in London 2012 - 01. Open for Service - Live.flac","MISSING","",""
"/Volumes/dotad/MUSIC/_quarantine_from_gemini/Crazy P/(2012) Live in London 2012/Crazy P - (2012) Live in London 2012 - 09. Future Beat - Live.flac","/Volumes/dotad/MUSIC/Crazy P/(2012) Live in London 2012/Crazy P - (2012) Live in London 2012 - 09. Future Beat - Live.flac","MISSING","MD5=5cbee83223da1e42447e2e30327a5469",""
"olumes/dotad/MUSIC/_quarantine_from_gemini/Alsarah/(2017) Manara Remixed/Alsarah - (2017) Manara Remixed - 03. Salam Nubia (Dj Khalab Remix) (1).flac","/Volumes/dotad/MUSIC/olumes/dotad/MUSIC/_quarantine_from_gemini/Alsarah/(2017) Manara Remixed/Alsarah - (2017) Manara Remixed - 03. Salam Nubia (Dj Khalab Remix) (1).flac","MISSING","",""
"/Volumes/dotad/MUSIC/_quarantine_from_gemini/Alsarah/(2022) Manara Remixed/Alsarah - (2022) Manara Remixed - 05. Ya Watan (Captain Planet Remix) (1).flac","/Volumes/dotad/MUSIC/Alsarah/(2022) Manara Remixed/Alsarah - (2022) Manara Remixed - 05. Ya Watan (Captain Planet Remix) (1).flac","MISSING","MD5=12402ad0c16d09ca1572e09a0b0b7f59",""
"Volumes/dotad/MUSIC/_quarantine_from_gemini/Alsarah/(2022) Manara Remixed/Alsarah - (2022) Manara Remixed - 01. Alforag (iZem Remix) (1).flac","/Volumes/dotad/MUSIC/Volumes/dotad/MUSIC/_quarantine_from_gemini/Alsarah/(2022) Manara Remixed/Alsarah - (2022) Manara Remixed - 01. Alforag (iZem Remix) (1).flac","MISSING","",""
"/Volumes/dotad/MUSIC/_quarantine_from_gemini/Alsarah/(2022) Manara Remixed/Alsarah - (2022) Manara Remixed - 02. 3yan T3ban (Oddisee Remix) (1).flac","/Volumes/dotad/MUSIC/Alsarah/(2022) Manara Remixed/Alsarah - (2022) Manara Remixed - 02. 3yan T3ban (Oddisee Remix) (1).flac","MISSING","MD5=8d95d4852ebfbed8934dd4c655fe1dc8",""
"/Volumes/dotad/MUSIC/_quarantine_from_gemini/Alsarah/(2022) Manara Remixed/Alsarah - (2022) Manara Remixed - 08. Albahr (Sufyvn Remix) (1).flac","/Volumes/dotad/MUSIC/Alsarah/(2022) Manara Remixed/Alsarah - (2022) Manara Remixed - 08. Albahr (Sufyvn Remix) (1).flac","MISSING","MD5=2284e66f427dd3b273266673e21d42ed",""
"Volumes/dotad/MUSIC/_quarantine_from_gemini/Alsarah/(2022) Manara Remixed/Alsarah - (2022) Manara Remixed - 04. Nar (Nickodemus & Kiko Navarro Remix) (1).flac","/Volumes/dotad/MUSIC/Volumes/dotad/MUSIC/_quarantine_from_gemini/Alsarah/(2022) Manara Remixed/Alsarah - (2022) Manara Remixed - 04. Nar (Nickodemus & Kiko Navarro Remix) (1).flac","MISSING","",""
"/Volumes/dotad/MUSIC/_quarantine_from_gemini/Barcoder/(2023) Quarantine EP/Barcoder - (2023) Quarantine EP - 02. Cold Carves My Flesh (1).flac","/Volumes/dotad/MUSIC/Barcoder/(2023) Quarantine EP/Barcoder - (2023) Quarantine EP - 02. Cold Carves My Flesh (1).flac","MISSING","MD5=5b7c93f176b937f8146bd3843753b9e4",""
"Volumes/dotad/MUSIC/_quarantine_from_gemini/Amon Tobin/(2021) Bricolage/Amon Tobin - (2021) Bricolage - 01. Stoney Street (1).flac","/Volumes/dotad/MUSIC/Volumes/dotad/MUSIC/_quarantine_from_gemini/Amon Tobin/(2021) Bricolage/Amon Tobin - (2021) Bricolage - 01. Stoney Street (1).flac","MISSING","",""
"/Volumes/dotad/MUSIC/_quarantine_from_gemini/Alex M.O.R.P.H./(2013) Prime Mover - The Remixes/Alex M.O.R.P.H. - (2013) Prime Mover - The Remixes - 18. I See You (Matt Bukovski remix) (1).flac","/Volumes/dotad/MUSIC/Alex M.O.R.P.H./(2013) Prime Mover - The Remixes/Alex M.O.R.P.H. - (2013) Prime Mover - The Remixes - 18. I See You (Matt Bukovski remix) (1).flac","MISSING","MD5=2fb9d54ca924d8a8e0ef58b93b3dba1b",""
"olumes/dotad/MUSIC/_quarantine_from_gemini/Anaïs/(2008) The Love Album/Anaïs - (2008) The Love Album - 13. Elle sort qu'avec des blacks (pimped version) (1).flac","/Volumes/dotad/MUSIC/olumes/dotad/MUSIC/_quarantine_from_gemini/Anaïs/(2008) The Love Album/Anaïs - (2008) The Love Album - 13. Elle sort qu'avec des blacks (pimped version) (1).flac","MISSING","",""
"/Volumes/dotad/MUSIC/_quarantine_from_gemini/Al-Qasar/(2022) Who Are We?/Al-Qasar - (2022) Who Are We? - 01. Awtar al sharq (1).flac","/Volumes/dotad/MUSIC/Al-Qasar/(2022) Who Are We?/Al-Qasar - (2022) Who Are We? - 01. Awtar al sharq (1).flac","MISSING","MD5=b99ab7569657d6b923e40535bde065ab",""
"Volumes/dotad/MUSIC/_quarantine_from_gemini/Al-Qasar/(2024) Uncovered/Al-Qasar - (2024) Uncovered - 03. Blue Tataouine (1).flac","/Volumes/dotad/MUSIC/Volumes/dotad/MUSIC/_quarantine_from_gemini/Al-Qasar/(2024) Uncovered/Al-Qasar - (2024) Uncovered - 03. Blue Tataouine (1).flac","MISSING","",""
"/Volumes/dotad/MUSIC/_quarantine_from_gemini/Al-Qasar/(2024) Uncovered/Al-Qasar - (2024) Uncovered - 01. Kişisel İsa (Personal Jesus) (1).flac","/Volumes/dotad/MUSIC/Al-Qasar/(2024) Uncovered/Al-Qasar - (2024) Uncovered - 01. Kişisel İsa (Personal Jesus) (1).flac","MISSING","MD5=4fb1ab5c01d3fd921ea18d8ec781a201",""
"olumes/dotad/MUSIC/_quarantine_from_gemini/Al-Qasar/(2024) Uncovered/Al-Qasar - (2024) Uncovered - 06. Enyio Nkondon (1).flac","/Volumes/dotad/MUSIC/olumes/dotad/MUSIC/_quarantine_from_gemini/Al-Qasar/(2024) Uncovered/Al-Qasar - (2024) Uncovered - 06. Enyio Nkondon (1).flac","MISSING","",""
"/Volumes/dotad/MUSIC/_quarantine_from_gemini/Al-Qasar/(2024) Uncovered/Al-Qasar - (2024) Uncovered - 04. Ssir W Ztam (Get Busy) (1).flac","/Volumes/dotad/MUSIC/Al-Qasar/(2024) Uncovered/Al-Qasar - (2024) Uncovered - 04. Ssir W Ztam (Get Busy) (1).flac","MISSING","MD5=0c50f4ba1ba923c639d9b0b3c708ca5d",""
"olumes/dotad/MUSIC/_quarantine_from_gemini/Pan Amsterdam/(2019) Elevator Music, Vol. 1/Pan Amsterdam - (2019) Elevator Music, Vol. 1 - 04. All Kindsa Don't.flac","/Volumes/dotad/MUSIC/olumes/dotad/MUSIC/_quarantine_from_gemini/Pan Amsterdam/(2019) Elevator Music, Vol. 1/Pan Amsterdam - (2019) Elevator Music, Vol. 1 - 04. All Kindsa Don't.flac","MISSING","",""
"/Volumes/dotad/MUSIC/_quarantine_from_gemini/Pan Amsterdam/(2019) Elevator Music, Vol. 1/Pan Amsterdam - (2019) Elevator Music, Vol. 1 - 01. No Snare.flac","/Volumes/dotad/MUSIC/Pan Amsterdam/(2019) Elevator Music, Vol. 1/Pan Amsterdam - (2019) Elevator Music, Vol. 1 - 01. No Snare.flac","MISSING","MD5=8ceccd80a3bdcfd681b1630e0a4a4f56",""
"Volumes/dotad/MUSIC/_quarantine_from_gemini/Black Coffee & David Guetta feat. Delilah Montagu/(2018) Drive (Remixes)/Black Coffee & David Guetta feat. Delilah Montagu - (2018) Drive (Remixes) - 05. Drive (Pablo Fierro remix) (1).flac","/Volumes/dotad/MUSIC/Volumes/dotad/MUSIC/_quarantine_from_gemini/Black Coffee & David Guetta feat. Delilah Montagu/(2018) Drive (Remixes)/Black Coffee & David Guetta feat. Delilah Montagu - (2018) Drive (Remixes) - 05. Drive (Pablo Fierro remix) (1).flac","MISSING","",""
"/Volumes/dotad/MUSIC/_quarantine_from_gemini/Alanis Morissette/(2015) Jagged Little Pill (collector's edition)/Alanis Morissette - (2015) Jagged Little Pill (collector's edition) - 05. Right Through You (1).flac","/Volumes/dotad/MUSIC/Alanis Morissette/(2015) Jagged Little Pill (collector's edition)/Alanis Morissette - (2015) Jagged Little Pill (collector's edition) - 05. Right Through You (1).flac","MISSING","MD5=e89246e3b6b6fbd4994057764abab341",""
"mes/dotad/MUSIC/_quarantine_from_gemini/Alanis Morissette/(2020) Jagged Little Pill/Alanis Morissette - (2020) Jagged Little Pill - 10. Ironic (1).flac","/Volumes/dotad/MUSIC/mes/dotad/MUSIC/_quarantine_from_gemini/Alanis Morissette/(2020) Jagged Little Pill/Alanis Morissette - (2020) Jagged Little Pill - 10. Ironic (1).flac","MISSING","",""
"/Volumes/dotad/MUSIC/_quarantine_from_gemini/Alanis Morissette/(2020) Jagged Little Pill/Alanis Morissette - (2020) Jagged Little Pill - 04. Hand in My Pocket (1).flac","/Volumes/dotad/MUSIC/Alanis Morissette/(2020) Jagged Little Pill/Alanis Morissette - (2020) Jagged Little Pill - 04. Hand in My Pocket (1).flac","MISSING","MD5=13544178744138358a1b739a322ffcf2",""
"olumes/dotad/MUSIC/_quarantine_from_gemini/Alanis Morissette/(2004) So-Called Chaos/Alanis Morissette - (2004) So-Called Chaos - 10. Everything (1).flac","/Volumes/dotad/MUSIC/olumes/dotad/MUSIC/_quarantine_from_gemini/Alanis Morissette/(2004) So-Called Chaos/Alanis Morissette - (2004) So-Called Chaos - 10. Everything (1).flac","MISSING","",""
"/Volumes/dotad/MUSIC/_quarantine_from_gemini/Alicia Keys/(2021) The Diary of Alicia Keys/Alicia Keys - (2021) The Diary of Alicia Keys - 06. If I Ain't Got You (1).flac","/Volumes/dotad/MUSIC/Alicia Keys/(2021) The Diary of Alicia Keys/Alicia Keys - (2021) The Diary of Alicia Keys - 06. If I Ain't Got You (1).flac","MISSING","MD5=fe8a80da6843aaf6c9299f25a532fa54",""
"Volumes/dotad/MUSIC/_quarantine_from_gemini/Maruja/(2025) Pain to Power/Maruja - (2025) Pain to Power - 01. Bloodsport (1).flac","/Volumes/dotad/MUSIC/Volumes/dotad/MUSIC/_quarantine_from_gemini/Maruja/(2025) Pain to Power/Maruja - (2025) Pain to Power - 01. Bloodsport (1).flac","MISSING","",""
"/Volumes/dotad/MUSIC/_quarantine_from_gemini/Maruja/(2025) Pain to Power/Maruja - (2025) Pain to Power - 06. Trenches (1).flac","/Volumes/dotad/MUSIC/Maruja/(2025) Pain to Power/Maruja - (2025) Pain to Power - 06. Trenches (1).flac","MISSING","MD5=50f82c78805a0e97924af7cdfded44db",""
"olumes/dotad/MUSIC/_quarantine_from_gemini/Maruja/(2025) Pain to Power/Maruja - (2025) Pain to Power - 05. Break the Tension (1).flac","/Volumes/dotad/MUSIC/olumes/dotad/MUSIC/_quarantine_from_gemini/Maruja/(2025) Pain to Power/Maruja - (2025) Pain to Power - 05. Break the Tension (1).flac","MISSING","",""
"/Volumes/dotad/MUSIC/_quarantine_from_gemini/Maruja/(2025) Pain to Power/Maruja - (2025) Pain to Power - 07. Zaytoun (1).flac","/Volumes/dotad/MUSIC/Maruja/(2025) Pain to Power/Maruja - (2025) Pain to Power - 07. Zaytoun (1).flac","MISSING","MD5=8ae1368871f2744efdd12f7e1b094ffb",""
"olumes/dotad/MUSIC/_quarantine_from_gemini/BC Camplight/(2025) A Sober Conversation/BC Camplight - (2025) A Sober Conversation - 05. Where You Taking My Baby? (1).flac","/Volumes/dotad/MUSIC/olumes/dotad/MUSIC/_quarantine_from_gemini/BC Camplight/(2025) A Sober Conversation/BC Camplight - (2025) A Sober Conversation - 05. Where You Taking My Baby? (1).flac","MISSING","",""
