path,stream_md5,size_bytes
/Volumes/dotad/MUSIC/DJ T./(2023) That Beat/DJ T. - (2023) That Beat - 01. That Beat.flac.repairing.flac,,45088768
/Volumes/dotad/MUSIC/Purple Disco Machine/(2013) Move or Not EP/Purple Disco Machine - (2013) Move or Not EP - 02. Street Life.flac,,45088768
/Volumes/dotad/MUSIC/Pépite/(2024) Les Années Lumière/Pépite - (2024) Les Années Lumière - 08. Très bleu.flac,,45088768
/Volumes/dotad/MUSIC/Sun Araw/(2010) On Patrol/Sun Araw - (2010) On Patrol - 01. Ma Holo.flac,,45088768
/Volumes/dotad/MUSIC/DJ T./(2023) That Beat/DJ T. - (2023) That Beat - 03. Amsterdam.flac.repairing.flac,,42991616
/Volumes/dotad/MUSIC/Phoenix/(2009) Wolfgang Amadeus Phoenix/Phoenix - (2009) Wolfgang Amadeus Phoenix - 01-02. 1901.flac,,42991616
/Volumes/dotad/MUSIC/Prins Thomas/(2015) Paradise Goulash/Prins Thomas - (2015) Paradise Goulash - 02-09. Riviera.flac,,42991616
/Volumes/dotad/MUSIC/Prins Thomas/(2016) Principe del norte/Prins Thomas - (2016) Principe del norte - 01-01. A1.flac,,42991616
/Volumes/dotad/MUSIC/Steve Lacy/(2019) Apollo XXI/Steve Lacy - (2019) Apollo XXI - 11. N Side.flac,,42991616
/Volumes/dotad/MUSIC/Steve Lacy/(2019) Apollo XXI/Steve Lacy - (2019) Apollo XXI - 12. Outro Freestyle4ever.flac,,42991616
/Volumes/dotad/MUSIC/Steve Lacy/(2020) The Lo-Fis/Steve Lacy - (2020) The Lo-Fis - 01. Atomic Vomit.flac,,42991616
/Volumes/dotad/MUSIC/Taylor Swift/(2022) Midnights/Taylor Swift - (2022) Midnights - 03. Anti-Hero.flac,,42991616
/Volumes/dotad/MUSIC/The Juan MacLean/(2006) Visitations/The Juan MacLean - (2006) Visitations - 02. Tito's Way (Reverso68 remix).flac,,42991616
/Volumes/dotad/MUSIC/The Stranglers/(2001) Black and White/The Stranglers - (2001) Black and White - 14. Walk On By.flac,,42991616
/Volumes/dotad/MUSIC/The Synaptik/(2021) Al Qamar Wal Moheet/The Synaptik - (2021) Al Qamar Wal Moheet - 03. Tol Al Leil 2.flac,,42991616
/Volumes/dotad/MUSIC/The Synaptik/(2021) Al Qamar Wal Moheet/The Synaptik - (2021) Al Qamar Wal Moheet - 09. Sabelek.flac,,42991616
/Volumes/dotad/MUSIC/Various Artists/(2021) Commune | Volume 1/Various Artists - (2021) Commune | Volume 1 - 06. Seige.flac,,42991616
/Volumes/dotad/MUSIC/Zoot Woman/(2010) Just a Friend of Mine EP/Zoot Woman - (2010) Just a Friend of Mine EP - 03. Just a Friend of Mine (The Penelopes remix).flac,,42991616
/Volumes/dotad/MUSIC/DJ T./(2024) City Life (Remixes)/DJ T. - (2024) City Life (Remixes) - 02. City Life (Borneo Remix).flac.repairing.flac,,25690112
/Volumes/dotad/MUSIC/Zoot Woman/(2009) Things Are What They Used to Be/Zoot Woman - (2009) Things Are What They Used to Be - 03. More Than Ever.flac,,25690112
"/Volumes/dotad/MUSIC/George Frideric Handel; Rachel Redmond, Damien Guillon, Nicholas Mulroy, Matthias Winckhler, La Capella Reial de Catalunya, Le Concert des Nations, Manfredo Kraemer, Jordi Savall/(2019) Messiah, HWV 56/George Frideric Handel; Rachel Redmond, Damien Guillon, Nicholas Mulroy, Matthias Winckhler, La Capella Reial de Catalunya, Le Concert des Nations, Manfredo Kraemer, Jordi Savall - (2019) Messiah, HWV 56 - 02-18. The Messiah, HWV 56, Part II: Chorus.flac",,84147712
/Volumes/dotad/MUSIC/Rufus Wainwright/(2023) Folkocracy/Rufus Wainwright - (2023) Folkocracy - 10. Kaulana nā pua.flac,,84147712
/Volumes/dotad/MUSIC/Scala & Kolacny Brothers/(2022) Gloaming/Scala & Kolacny Brothers - (2022) Gloaming - 04. All I Want Is You.flac,,84147712
/Volumes/dotad/MUSIC/Paul McCartney/(1983) Pipes of Peace/Paul McCartney - (1983) Pipes of Peace - 02. Say Say Say.flac,,101711360
/Volumes/dotad/MUSIC/Pretenders/(1984) Learning to Crawl/Pretenders - (1984) Learning to Crawl - 02. Back on the Chain Gang.flac,,101711360
/Volumes/dotad/MUSIC/TEED/(2023) When the Lights Go/TEED - (2023) When the Lights Go - 03-09. A Dream I Have (Damian Lazarus Re-Shape Remix).flac,,101711360
/Volumes/dotad/MUSIC/The National/(2013) Trouble Will Find Me/The National - (2013) Trouble Will Find Me - 13. Hard to Find.flac,,101711360
/Volumes/dotad/MUSIC/Pearl Jam/(2009) Ten/Pearl Jam - (2009) Ten - 03-05. Jeremy.flac,,84934144
/Volumes/dotad/MUSIC/Polo & Pan/(2018) Caravelle/Polo & Pan - (2018) Caravelle - 11. Mexicali.flac,,84934144
/Volumes/dotad/MUSIC/Prince and The Revolution/(1986) Parade: Music From the Motion Picture Under the Cherry Moon/Prince and The Revolution - (1986) Parade: Music From the Motion Picture Under the Cherry Moon - 10. Kiss.flac,,84934144
/Volumes/dotad/MUSIC/Sufjan Stevens/(2024) Illinoise: A New Musical (Original Cast Recording)/Sufjan Stevens - (2024) Illinoise: A New Musical (Original Cast Recording) - 03. Come On! Feel the Illinoise!.flac,,84934144
/Volumes/dotad/MUSIC/Various Artists/(2022) Igloo 8/Various Artists - (2022) Igloo 8 - 01. Vibe Is Wild.flac,,84934144
/Volumes/dotad/MUSIC/Various Artists/(2023) Turbo 25/Various Artists - (2023) Turbo 25 - 09. Dump Truck.flac,,84934144
/Volumes/dotad/MUSIC/Permanent Vacation/(2010) Zuckerhut (Remixes)/Permanent Vacation - (2010) Zuckerhut (Remixes) - 02. Zuckerhut (John Talabot remix).flac,,46136832
/Volumes/dotad/MUSIC/Pépite/(2024) Les Années Lumière/Pépite - (2024) Les Années Lumière - 10. Aspirine.flac,,46136832
/Volumes/dotad/MUSIC/Various Artists/(1992) Do It Again/Various Artists - (1992) Do It Again - 01-06. Why (club mix).flac,,46136832
/Volumes/dotad/MUSIC/in the beyond/(2020) sunlight (single)/in the beyond - (2020) sunlight (single) - 01. sunlight.flac,,46136832
/Volumes/dotad/MUSIC/Pete Gooding/(2017) Cafe Mambo Ibiza - Sunset to After Dark/Pete Gooding - (2017) Cafe Mambo Ibiza - Sunset to After Dark - 31. Just to Make Me (Till Von Sein remix).flac,,41942528
/Volumes/dotad/MUSIC/Prins Thomas/(2017) Apokalypso/Prins Thomas - (2017) Apokalypso - 03. Apokalypso 1.flac,,41942528
/Volumes/dotad/MUSIC/Schlindwein/(2019) Piano & Electronic Ensemble Op. 1/Schlindwein - (2019) Piano & Electronic Ensemble Op. 1 - 03. In Your Eyes  (Vienna Version).flac,,41942528
/Volumes/dotad/MUSIC/WhoMadeWho/(2015) There's a Way (Remixes) (single)/WhoMadeWho - (2015) There's a Way (Remixes) (single) - 02. There's a Way (Jazzuelle remix).flac,,41942528
/Volumes/dotad/MUSIC/Philipp Wolf/(2022) Owls/Philipp Wolf - (2022) Owls - 01. Owls (Edit).flac,,45088256
/Volumes/dotad/MUSIC/Pépite/(2019) Virages/Pépite - (2019) Virages - 08. Zizanie.flac,,45088256
/Volumes/dotad/MUSIC/Pépite/(2024) Les Années Lumière/Pépite - (2024) Les Années Lumière - 04. Les années lumière.flac,,45088256
/Volumes/dotad/MUSIC/Pépite/(2024) Les Années Lumière/Pépite - (2024) Les Années Lumière - 05. Les grands tours.flac,,45088256
/Volumes/dotad/MUSIC/Pépite/(2024) Les Années Lumière/Pépite - (2024) Les Années Lumière - 06. Facile.flac,,45088256
/Volumes/dotad/MUSIC/iNTeRNeT FReNDz/(2024) Warning Signs (single)/iNTeRNeT FReNDz - (2024) Warning Signs (single) - 01. Warning Signs.flac,,45088256
/Volumes/dotad/MUSIC/Philippe Katerine/(XXXX) Remixes/Philippe Katerine - (XXXX) Remixes - 02. Té-lé-phone (vs The Shoes).flac,,20135424
/Volumes/dotad/MUSIC/Wolfgang Tillmans/(2024) Build From Here/Wolfgang Tillmans - (2024) Build From Here - 08. French Lesson.flac,,20135424
/Volumes/dotad/MUSIC/Philippe Lavil/(1987) The Best Of/Philippe Lavil - (1987) The Best Of - 02. Jamaïcaine.flac,,24526336
/Volumes/dotad/MUSIC/Ross Rogen feat. Aaron Moloney/(2018) Free Me/Ross Rogen feat. Aaron Moloney - (2018) Free Me - 01. Free Me.flac,,24526336
/Volumes/dotad/MUSIC/Phoenix Troy/(2020) Kitsuné Musique Mixed by Phoenix Troy/Phoenix Troy - (2020) Kitsuné Musique Mixed by Phoenix Troy - 03. It's Strange (Mixed).flac,,25427968
/Volumes/dotad/MUSIC/Phoenix/(2006) It's Never Been Like That/Phoenix - (2006) It's Never Been Like That - 01. Napoleon Says.flac,,25427968
/Volumes/dotad/MUSIC/Pink Floyd/(2023) Live at BBC 1970: Live Broadcasting/Pink Floyd - (2023) Live at BBC 1970: Live Broadcasting - 02. Fat Old Sun.flac,,25427968
/Volumes/dotad/MUSIC/Prins Thomas/(2017) Prins Thomas 5/Prins Thomas - (2017) Prins Thomas 5 - 04. Αθήνα.flac,,25427968
/Volumes/dotad/MUSIC/Rinky Dinky/(2021) Ice Cream Song/Rinky Dinky - (2021) Ice Cream Song - 01. Ice Cream Song.flac,,25427968
/Volumes/dotad/MUSIC/Roger Eno and Brian Eno/(2020) Mixing Colours/Roger Eno and Brian Eno - (2020) Mixing Colours - 01. Spring Frost.flac,,25427968
/Volumes/dotad/MUSIC/Rufus Wainwright/(2007) Release the Stars/Rufus Wainwright - (2007) Release the Stars - 04. Nobody's Off the Hook.flac,,25427968
/Volumes/dotad/MUSIC/Rufus Wainwright/(2007) Rufus Does Judy at Carnegie Hall/Rufus Wainwright - (2007) Rufus Does Judy at Carnegie Hall - 01-02. When You're Smiling (The Whole World Smiles With You).flac,,25427968
/Volumes/dotad/MUSIC/Rufus Wainwright/(2007) Rufus Does Judy at Carnegie Hall/Rufus Wainwright - (2007) Rufus Does Judy at Carnegie Hall - 02-06. If Love Were All.flac,,25427968
/Volumes/dotad/MUSIC/Rufus Wainwright/(2014) Vibrate: The Best of Rufus Wainwright/Rufus Wainwright - (2014) Vibrate: The Best of Rufus Wainwright - 01-14. Dinner at Eight.flac,,25427968
/Volumes/dotad/MUSIC/Rufus Wainwright/(2014) Vibrate: The Best of Rufus Wainwright/Rufus Wainwright - (2014) Vibrate: The Best of Rufus Wainwright - 02-01. Bitter Tears.flac,,25427968
/Volumes/dotad/MUSIC/Salma/(2001) Monodose/Salma - (2001) Monodose - 06. Assa'Ada'Llahou Massa'Akom.flac,,25427968
/Volumes/dotad/MUSIC/Say Lou Lou/(2015) Lucid Dreaming/Say Lou Lou - (2015) Lucid Dreaming - 03. Games for Girls.flac,,25427968
/Volumes/dotad/MUSIC/Scroobius Pip/(2011) Distraction Pieces/Scroobius Pip - (2011) Distraction Pieces - 08. Broken Promise.flac,,25427968
/Volumes/dotad/MUSIC/Seelenluft/(2002) Out of the Woods/Seelenluft - (2002) Out of the Woods - 02. Manila.flac,,25427968
/Volumes/dotad/MUSIC/Sneaker Pimps/(1996) Becoming X/Sneaker Pimps - (1996) Becoming X - 03. 6 Underground.flac,,25427968
/Volumes/dotad/MUSIC/Steve Lacy/(2019) Apollo XXI/Steve Lacy - (2019) Apollo XXI - 03. Playground.flac,,25427968
/Volumes/dotad/MUSIC/Steve Lacy/(2019) Apollo XXI/Steve Lacy - (2019) Apollo XXI - 09. Love 2 Fast.flac,,25427968
/Volumes/dotad/MUSIC/Superdiesel  Perdu/(2019) Delightful Sounds to Boogie/Superdiesel  Perdu - (2019) Delightful Sounds to Boogie - 02. Ticket Nar de Zon (Prins Thomas Diskomiks radio edit).flac,,25427968
/Volumes/dotad/MUSIC/Syd/(2021) Fast Car/Syd - (2021) Fast Car - 01. Fast Car.flac,,25427968
/Volumes/dotad/MUSIC/The Chemical Brothers/(2019) No Geography/The Chemical Brothers - (2019) No Geography - 07. We've Got To Try.flac,,25427968
/Volumes/dotad/MUSIC/The Cure/(2017) Acoustic Hits/The Cure - (2017) Acoustic Hits - 01-03. Let's Go to Bed.flac,,25427968
/Volumes/dotad/MUSIC/The Cure/(2017) Acoustic Hits/The Cure - (2017) Acoustic Hits - 01-05. The Lovecats.flac,,25427968
/Volumes/dotad/MUSIC/The Cure/(2017) Acoustic Hits/The Cure - (2017) Acoustic Hits - 02-05. Mint Car.flac,,25427968
/Volumes/dotad/MUSIC/The Cure/(2017) Acoustic Hits/The Cure - (2017) Acoustic Hits - 02-08. Just Say Yes.flac,,25427968
/Volumes/dotad/MUSIC/The Killers/(2008) Human (Remixes 2)/The Killers - (2008) Human (Remixes 2) - 04. Human (Ocelot Remix).flac,,25427968
/Volumes/dotad/MUSIC/The Killers/(2008) Spaceman (single)/The Killers - (2008) Spaceman (single) - 01. Spaceman.flac,,25427968
/Volumes/dotad/MUSIC/The Killers/(2008) Spaceman/The Killers - (2008) Spaceman - 02. Four Winds.flac,,25427968
/Volumes/dotad/MUSIC/The Kinks/(2002) Another Great Lost Kinks Album/The Kinks - (2002) Another Great Lost Kinks Album - 13. You Really Got Me.flac,,25427968
/Volumes/dotad/MUSIC/The Kinks/(2008) Picture Book/The Kinks - (2008) Picture Book - 06-06. Summer's Gone.flac,,25427968
/Volumes/dotad/MUSIC/The Lemonheads/(2022) It's a Shame About Ray/The Lemonheads - (2022) It's a Shame About Ray - 13. Mrs Robinson.flac,,25427968
/Volumes/dotad/MUSIC/The Magic Gang/(2015) No Fun  Alright/The Magic Gang - (2015) No Fun  Alright - 01. No Fun.flac,,25427968
/Volumes/dotad/MUSIC/The Roots/(2004) The Tipping Point/The Roots - (2004) The Tipping Point - 02. I Don't Care.flac,,25427968
/Volumes/dotad/MUSIC/The Roots/(2004) The Tipping Point/The Roots - (2004) The Tipping Point - 04. Guns Are Drawn.flac,,25427968
/Volumes/dotad/MUSIC/The Roots/(2004) The Tipping Point/The Roots - (2004) The Tipping Point - 05. Stay Cool.flac,,25427968
/Volumes/dotad/MUSIC/The Roots/(2004) The Tipping Point/The Roots - (2004) The Tipping Point - 08. Somebody's Gotta Do It.flac,,25427968
/Volumes/dotad/MUSIC/The Roots/(2004) The Tipping Point/The Roots - (2004) The Tipping Point - 09. Duck Down!.flac,,25427968
/Volumes/dotad/MUSIC/The Roots/(2004) The Tipping Point/The Roots - (2004) The Tipping Point - 10. Why (What's Goin On?).flac,,25427968
/Volumes/dotad/MUSIC/The Roots/(2004) The Tipping Point/The Roots - (2004) The Tipping Point - 11. In Love With the Mic.flac,,25427968
/Volumes/dotad/MUSIC/The Sound of Arrows/(2011) Voyage/The Sound of Arrows - (2011) Voyage - 01. Into the Clouds.flac,,25427968
/Volumes/dotad/MUSIC/The Sugarhill Gang/(2010) 30th Anniversary Edition/The Sugarhill Gang - (2010) 30th Anniversary Edition - 06. Rapper's Delight (single version).flac,,25427968
/Volumes/dotad/MUSIC/The Temper Trap/(2025) Sweet Disposition (acoustic version)/The Temper Trap - (2025) Sweet Disposition (acoustic version) - 01. Sweet Disposition (acoustic version).flac,,25427968
/Volumes/dotad/MUSIC/The Temptations/(2006) Reflections/The Temptations - (2006) Reflections - 09. Ain't No Mountain High Enough.flac,,25427968
/Volumes/dotad/MUSIC/Télépopmusik/(2001) Genetic World/Télépopmusik - (2001) Genetic World - 09. Smile.flac,,25427968
/Volumes/dotad/MUSIC/Various Artists/(2013) Latest & Greatest R&B Hits/Various Artists - (2013) Latest & Greatest R&B Hits - 03-05. Don't Walk Away.flac,,25427968
/Volumes/dotad/MUSIC/Various Artists/(2021) The Best 80s Album in the World... Ever!/Various Artists - (2021) The Best 80s Album in the World... Ever! - 22. You Keep Me Hangin' On.flac,,25427968
/Volumes/dotad/MUSIC/Various Artists/(2022) House Old School (The Origins of the House Music New Remixes)/Various Artists - (2022) House Old School (The Origins of the House Music New Remixes) - 02. Dark Beat  (Menini & Viani Anniversary Radio Mix).flac,,25427968
/Volumes/dotad/MUSIC/Various Artists/(2022) House Old School (The Origins of the House Music New Remixes)/Various Artists - (2022) House Old School (The Origins of the House Music New Remixes) - 05. House Makossa  (Radio Edit).flac,,25427968
/Volumes/dotad/MUSIC/Various Artists/(2022) La Disco funk : C'était mieux avant/Various Artists - (2022) La Disco funk : C'était mieux avant - 02-14. Mama Used to Say.flac,,25427968
"/Volumes/dotad/MUSIC/Various Artists/(XXXX) ""It's 4 Love""/Various Artists - (XXXX) ""It's 4 Love"" - 01-06. Right Here.flac",,25427968
/Volumes/dotad/MUSIC/Wayne Snow/(2017) Freedom TV/Wayne Snow - (2017) Freedom TV - 04. Red Runner.flac,,25427968
/Volumes/dotad/MUSIC/Yaya Bey/(2022) Remember Your North Star/Yaya Bey - (2022) Remember Your North Star - 09. pour up.flac,,25427968
/Volumes/dotad/MUSIC/Yaya Bey/(2024) Ten Fold/Yaya Bey - (2024) Ten Fold - 10. eric adams in the club.flac,,25427968
/Volumes/dotad/MUSIC/Yaya Bey/(2024) Ten Fold/Yaya Bey - (2024) Ten Fold - 13. career day.flac,,25427968
/Volumes/dotad/MUSIC/Yelle/(2007) Pop-up/Yelle - (2007) Pop-up - 12. Jogging.flac,,25427968
/Volumes/dotad/MUSIC/Young Kay/(2018) TALK/Young Kay - (2018) TALK - 01. TALK (Feat. VINXEN & Jay Moon).flac,,25427968
/Volumes/dotad/MUSIC/Zoot Woman/(2009) Things Are What They Used to Be/Zoot Woman - (2009) Things Are What They Used to Be - 06. Witness.flac,,25427968
/Volumes/dotad/MUSIC/slenderbodies/(2017) Fabulist/slenderbodies - (2017) Fabulist - 04. Anemone.flac,,25427968
/Volumes/dotad/MUSIC/Phoenix/(2006) It's Never Been Like That/Phoenix - (2006) It's Never Been Like That - 09. Sometimes in the Fall.flac,,38797312
/Volumes/dotad/MUSIC/Rufus Wainwright/(2007) Rufus Does Judy at Carnegie Hall/Rufus Wainwright - (2007) Rufus Does Judy at Carnegie Hall - 02-13. After You've Gone.flac,,38797312
/Volumes/dotad/MUSIC/Phoenix/(2006) It's Never Been Like That/Phoenix - (2006) It's Never Been Like That - 12. Rally (live).flac,,27590144
/Volumes/dotad/MUSIC/Various Artists/(2023) Now That's What I Call Music! 114/Various Artists - (2023) Now That's What I Call Music! 114 - 08. Special.flac,,27590144
/Volumes/dotad/MUSIC/Phoenix/(2006) It's Never Been Like That/Phoenix - (2006) It's Never Been Like That - 14. Second to None (live).flac,,53477376
/Volumes/dotad/MUSIC/Prins Thomas/(2020) Anything for You?/Prins Thomas - (2020) Anything for You? - 01. Anything for You? (original mix).flac,,53477376
/Volumes/dotad/MUSIC/Various Artists/(1991) Maroc Anthologie des Rwayes Morocco Anthology of the Rwayes/Various Artists - (1991) Maroc Anthologie des Rwayes Morocco Anthology of the Rwayes - 04. Tawnza (La frange The Fringe).flac,,53477376
/Volumes/dotad/MUSIC/Zoot Woman/(2010) More Than Ever/Zoot Woman - (2010) More Than Ever - 02. More Than Ever (Grand Son remix).flac,,53477376
/Volumes/dotad/MUSIC/Phoenix/(2009) Wolfgang Amadeus Phoenix/Phoenix - (2009) Wolfgang Amadeus Phoenix - 01-01. Lisztomania.flac,,49283072
/Volumes/dotad/MUSIC/Phoenix/(2009) Wolfgang Amadeus Phoenix/Phoenix - (2009) Wolfgang Amadeus Phoenix - 01-03. Fences.flac,,49283072
/Volumes/dotad/MUSIC/Positive Force/(1979) We Got the Funk (single)/Positive Force - (1979) We Got the Funk (single) - 01. We Got the Funk.flac,,49283072
/Volumes/dotad/MUSIC/Prins Thomas/(2005) Goettsching/Prins Thomas - (2005) Goettsching - 01. Goettsching.flac,,49283072
/Volumes/dotad/MUSIC/Sylvia Lindenstrand/(1993) Backanterna/Sylvia Lindenstrand - (1993) Backanterna - 10. Backanterna: Act I: Vi bävar för att tala fritt … (Omega).flac,,49283072
/Volumes/dotad/MUSIC/Various Artists/(2022) Igloo 4/Various Artists - (2022) Igloo 4 - 01. L & L Sitting In A Tree.flac,,49283072
/Volumes/dotad/MUSIC/Phoenix/(2009) Wolfgang Amadeus Phoenix/Phoenix - (2009) Wolfgang Amadeus Phoenix - 01-06. Lasso.flac,,35454464
/Volumes/dotad/MUSIC/Tamer Nafar & Itamar Ziegler/(2017) Junction 48 (Original Motion Picture Soundtrack)/Tamer Nafar & Itamar Ziegler - (2017) Junction 48 (Original Motion Picture Soundtrack) - 03. ارض اجدادي.flac,,35454464
/Volumes/dotad/MUSIC/Phoenix/(2009) Wolfgang Amadeus Phoenix/Phoenix - (2009) Wolfgang Amadeus Phoenix - 01-07. Rome.flac,,55574016
/Volumes/dotad/MUSIC/Rikas/(2022) Goodbye Sunshine/Rikas - (2022) Goodbye Sunshine - 02. Never Leaving the House.flac,,55574016
/Volumes/dotad/MUSIC/YACHT/(2022) See Mystery Lights: Remixes & B-Sides/YACHT - (2022) See Mystery Lights: Remixes & B-Sides - 14. The Afterlife (live session).flac,,55574016
/Volumes/dotad/MUSIC/Zoot Woman/(2010) More Than Ever (single)/Zoot Woman - (2010) More Than Ever (single) - 03. Live In My Head (Bill Hamel remix).flac,,55574016
/Volumes/dotad/MUSIC/Phoenix/(2009) Wolfgang Amadeus Phoenix/Phoenix - (2009) Wolfgang Amadeus Phoenix - 01-09. Girlfriend.flac,,42204672
/Volumes/dotad/MUSIC/Sebb Junior/(2023) I Never knew/Sebb Junior - (2023) I Never knew - 02. Instrumental Mix.flac,,42204672
/Volumes/dotad/MUSIC/Phoenix/(2009) Wolfgang Amadeus Phoenix/Phoenix - (2009) Wolfgang Amadeus Phoenix - 01-10. Armistice.flac,,39059456
/Volumes/dotad/MUSIC/Sarah Nixey/(2018) Coming Up for Air/Sarah Nixey - (2018) Coming Up for Air - 01. Coming Up for Air.flac,,39059456
/Volumes/dotad/MUSIC/Tinariwen/(2017) Elwan/Tinariwen - (2017) Elwan - 02. Sastanàqqàm.flac,,39059456
/Volumes/dotad/MUSIC/Phoenix/(2009) Wolfgang Amadeus Phoenix/Phoenix - (2009) Wolfgang Amadeus Phoenix - 02-05. Fences (25 Hrs a Day remix).flac,,50331648
/Volumes/dotad/MUSIC/Phoenix/(2017) Ti amo/Phoenix - (2017) Ti amo - 05. Lovelife.flac,,50331648
/Volumes/dotad/MUSIC/Prins Thomas/(2019) Ambitions Remixes I/Prins Thomas - (2019) Ambitions Remixes I - 02. Urmannen (DJ Nobu Remix).flac,,50331648
/Volumes/dotad/MUSIC/Rufus Wainwright/(2007) Rufus Does Judy at Carnegie Hall/Rufus Wainwright - (2007) Rufus Does Judy at Carnegie Hall - 02-07. Zing! Went the Strings of My Heart.flac,,50331648
/Volumes/dotad/MUSIC/Ziad Rahbani/(1997) Tabeh Lachi Tabeh Chi/Ziad Rahbani - (1997) Tabeh Lachi Tabeh Chi - 02-08. Ma Zala.flac,,50331648
/Volumes/dotad/MUSIC/Phoenix/(2009) Wolfgang Amadeus Phoenix/Phoenix - (2009) Wolfgang Amadeus Phoenix - 02-06. 1901 (L'Aiglon remix).flac,,39845888
/Volumes/dotad/MUSIC/Rhythm & Sound/(2001) Rhythm & Sound/Rhythm & Sound - (2001) Rhythm & Sound - 01. No Partial.flac,,39845888
/Volumes/dotad/MUSIC/Various Artists/(2017) Saint-Germain-des-Prés Café: Anthology/Various Artists - (2017) Saint-Germain-des-Prés Café: Anthology - 07. I Don't Listen Much (Mercury remix).flac,,39845888
/Volumes/dotad/MUSIC/Various Artists/(2023) Toolroom Ibiza 2023/Various Artists - (2023) Toolroom Ibiza 2023 - 03. Sweat (extended mix).flac,,39845888
/Volumes/dotad/MUSIC/Phoenix/(2009) Wolfgang Amadeus Phoenix/Phoenix - (2009) Wolfgang Amadeus Phoenix - 02-07. Love Like a Sunset (Turzi remix).flac,,46137344
/Volumes/dotad/MUSIC/Prins Thomas/(2016) Principe del norte/Prins Thomas - (2016) Principe del norte - 02-01. E.flac,,46137344
/Volumes/dotad/MUSIC/Prins Thomas/(2017) Å/Prins Thomas - (2017) Å - 01. Å (Pional Remix).flac,,46137344
/Volumes/dotad/MUSIC/Pépite/(2019) Virages/Pépite - (2019) Virages - 01. Flèches.flac,,46137344
/Volumes/dotad/MUSIC/Yaya Bey/(2022) Remember Your North Star/Yaya Bey - (2022) Remember Your North Star - 11. reprise.flac,,46137344
/Volumes/dotad/MUSIC/Phoenix/(2009) Wolfgang Amadeus Phoenix/Phoenix - (2009) Wolfgang Amadeus Phoenix - 02-14. Rome (Neighbours with Devendra Banhart).flac,,47185920
/Volumes/dotad/MUSIC/Prins Thomas/(2018) The Movement of the Free Spirit/Prins Thomas - (2018) The Movement of the Free Spirit - 02. Hole  13.1  Aura in the Kitchen  13.1  T03  The Movement of the Free Spirit (The 1st Movement) (Mixed).flac,,47185920
/Volumes/dotad/MUSIC/Prins Thomas/(2019) Bronchi BeatÆ/Prins Thomas - (2019) Bronchi BeatÆ - 01. Bronchi Beat (Wata Igarashi Exhale Remix).flac,,47185920
/Volumes/dotad/MUSIC/Ravyn Lenae/(2022) Light Me Up/Ravyn Lenae - (2022) Light Me Up - 01. Light Me Up.flac,,47185920
/Volumes/dotad/MUSIC/Various Artists/(2012) Paper Cuts #1/Various Artists - (2012) Paper Cuts #1 - 01-02. Do It Good (Crazy P's 'We Found The Parts' mix).flac,,47185920
/Volumes/dotad/MUSIC/Various Artists/(2022) House Old School (The Origins of the House Music New Remixes)/Various Artists - (2022) House Old School (The Origins of the House Music New Remixes) - 03. La Parranda  (Miami Edit).flac,,47185920
/Volumes/dotad/MUSIC/nthng/(2020) Hypnotherapy/nthng - (2020) Hypnotherapy - 06. Spirit of Ecstasy.flac,,47185920
/Volumes/dotad/MUSIC/Phoenix/(2017) Ti amo/Phoenix - (2017) Ti amo - 09. Via Veneto.flac,,56885248
/Volumes/dotad/MUSIC/Rufus Wainwright/(2023) Folkocracy/Rufus Wainwright - (2023) Folkocracy - 13. Cotton Eyed Joe.flac,,56885248
/Volumes/dotad/MUSIC/YACHT/(2022) See Mystery Lights: Remixes & B-Sides/YACHT - (2022) See Mystery Lights: Remixes & B-Sides - 07. The Afterlife (Andrew WK remix).flac,,56885248
/Volumes/dotad/MUSIC/Pink Floyd/(1994) A Saucerful of Secrets/Pink Floyd - (1994) A Saucerful of Secrets - 07. Jugband Blues.flac,,135265792
/Volumes/dotad/MUSIC/R.E.M./(1992) Automatic for the People/R.E.M. - (1992) Automatic for the People - 10. Man on the Moon.flac,,135265792
/Volumes/dotad/MUSIC/Red Hot Chili Peppers/(2014) The Studio Album Collection 1991-2011/Red Hot Chili Peppers - (2014) The Studio Album Collection 1991-2011 - 02-08. Walkabout.flac,,135265792
/Volumes/dotad/MUSIC/Pink Floyd/(1994) The Division Bell/Pink Floyd - (1994) The Division Bell - 03. Marooned.flac,,219151872
/Volumes/dotad/MUSIC/Pink Floyd/(1994) The Division Bell/Pink Floyd - (1994) The Division Bell - 09. Lost for Words.flac,,219151872
/Volumes/dotad/MUSIC/Prince/(1979) Prince/Prince - (1979) Prince - 01. I Wanna Be Your Lover.flac,,219151872
"/Volumes/dotad/MUSIC/Pink Floyd/(2014) The Endless River/Pink Floyd - (2014) The Endless River - 16. Side 4, Pt. 2: Eyes to Pearls.flac",,33816576
/Volumes/dotad/MUSIC/Prins Thomas/(2017) Paradise Goulash/Prins Thomas - (2017) Paradise Goulash - 39. Biology Theme.flac,,33816576
/Volumes/dotad/MUSIC/Prins Thomas/(2017) Prins Thomas 5/Prins Thomas - (2017) Prins Thomas 5 - 01. Here Comes The Band.flac,,33816576
/Volumes/dotad/MUSIC/Prins Thomas/(2017) Prins Thomas 5/Prins Thomas - (2017) Prins Thomas 5 - 03. Bronchi Beat.flac,,33816576
/Volumes/dotad/MUSIC/Prins Thomas/(2019) Bronchi BeatÆ/Prins Thomas - (2019) Bronchi BeatÆ - 02. Bronchi Beat (Wata Igarashi Inhale Remix).flac,,33816576
/Volumes/dotad/MUSIC/Pánico/(2010) Kick/Pánico - (2010) Kick - 01. Illumination.flac,,33816576
/Volumes/dotad/MUSIC/Pépite/(2024) Les Années Lumière/Pépite - (2024) Les Années Lumière - 07. Cavalier.flac,,33816576
/Volumes/dotad/MUSIC/Ricky Hollywood/(2016) Le Modeste Album/Ricky Hollywood - (2016) Le Modeste Album - 05. L'amour peut-être.flac,,33816576
/Volumes/dotad/MUSIC/Roger Eno and Brian Eno/(2020) Mixing Colours/Roger Eno and Brian Eno - (2020) Mixing Colours - 03. Celeste.flac,,33816576
/Volumes/dotad/MUSIC/Roger Sanchez/(2024) Save Me Now/Roger Sanchez - (2024) Save Me Now - 01. Save Me Now.flac,,33816576
/Volumes/dotad/MUSIC/S.A.M./(2018) Retrospect One/S.A.M. - (2018) Retrospect One - 01. Perucica.flac,,33816576
/Volumes/dotad/MUSIC/Scoobert Doobert/(2025) PARTY - Single/Scoobert Doobert - (2025) PARTY - Single - 01. PARTY.flac,,33816576
/Volumes/dotad/MUSIC/Superchunk/(1990) Superchunk/Superchunk - (1990) Superchunk - 06. Slack Motherfucker.flac,,33816576
/Volumes/dotad/MUSIC/Superdiesel  Perdu/(2019) Delightful Sounds to Boogie EP/Superdiesel  Perdu - (2019) Delightful Sounds to Boogie EP - 03. Tribal Voices.flac,,33816576
/Volumes/dotad/MUSIC/TEED/(2023) When the Lights Go/TEED - (2023) When the Lights Go - 02-03. Into the Light.flac,,33816576
/Volumes/dotad/MUSIC/The Cure/(2017) Acoustic Hits/The Cure - (2017) Acoustic Hits - 01-02. A Forest.flac,,33816576
/Volumes/dotad/MUSIC/The Killers/(2007) Sawdust/The Killers - (2007) Sawdust - 05. Sweet Talk.flac,,33816576
"/Volumes/dotad/MUSIC/The Naked and Famous/(2010) Passive Me, Aggressive You/The Naked and Famous - (2010) Passive Me, Aggressive You - 02. Punching in a Dream.flac",,33816576
/Volumes/dotad/MUSIC/The Synaptik/(2021) Sabelek (feat. Moayad)/The Synaptik - (2021) Sabelek (feat. Moayad) - 01. Sabelek (feat. Moayad).flac,,33816576
/Volumes/dotad/MUSIC/The Synaptik/(2021) Tared/The Synaptik - (2021) Tared - 01. Tared.flac,,33816576
/Volumes/dotad/MUSIC/Various Artists/(1984) Breakdance - Original Motion Picture Soundtrack/Various Artists - (1984) Breakdance - Original Motion Picture Soundtrack - 01. Breakin'...There's No Stopping Us.flac,,33816576
/Volumes/dotad/MUSIC/Various Artists/(1992) Memories Are Made of This/Various Artists - (1992) Memories Are Made of This - 01-11. Fever.flac,,33816576
/Volumes/dotad/MUSIC/Various Artists/(2005) Help: A Day in the Life/Various Artists - (2005) Help: A Day in the Life - 08. I Heard It Through the Grapevine.flac,,33816576
/Volumes/dotad/MUSIC/Various Artists/(2020) Unbroken Dreams Of Light/Various Artists - (2020) Unbroken Dreams Of Light - 09. Deadnettle.flac,,33816576
/Volumes/dotad/MUSIC/Various Artists/(2022) House Old School (The Origins of the House Music New Remixes)/Various Artists - (2022) House Old School (The Origins of the House Music New Remixes) - 12. Bomb!  (Radio Edit).flac,,33816576
/Volumes/dotad/MUSIC/Various Artists/(2023) The Best of Crosstown Rebels 2023: The Year It All Came Together/Various Artists - (2023) The Best of Crosstown Rebels 2023: The Year It All Came Together - 06. The Last Song (Sasha Remix).flac,,33816576
"/Volumes/dotad/MUSIC/Various Artists/(XXXX) Southern Fried & Tested, Vol. 4/Various Artists - (XXXX) Southern Fried & Tested, Vol. 4 - 09. The Lunatics.flac",,33816576
/Volumes/dotad/MUSIC/Vitalic/(2009) Flashmob/Vitalic - (2009) Flashmob - 02-01. Second Lives.flac,,33816576
/Volumes/dotad/MUSIC/Vitalic/(2010) Second Lives (single)/Vitalic - (2010) Second Lives (single) - 04. Second Lives (The Bloody Beetroots remix).flac,,33816576
/Volumes/dotad/MUSIC/Wasted Penguinz/(2015) Free Fall/Wasted Penguinz - (2015) Free Fall - 01. Free Fall.flac,,33816576
/Volumes/dotad/MUSIC/YACHT/(2022) See Mystery Lights: Remixes & B-Sides/YACHT - (2022) See Mystery Lights: Remixes & B-Sides - 11. Waste of Time (Hedford Vachal remix).flac,,33816576
/Volumes/dotad/MUSIC/Yaya Bey/(2021) The Things I Can't Take With Me/Yaya Bey - (2021) The Things I Can't Take With Me - 03. we'll skate soon.flac,,33816576
/Volumes/dotad/MUSIC/Yaya Bey/(2023) Exodus the North Star/Yaya Bey - (2023) Exodus the North Star - 02. on the pisces moon.flac,,33816576
/Volumes/dotad/MUSIC/Zedbazi/(2022) Tehran Mibinamet/Zedbazi - (2022) Tehran Mibinamet - 01. Tehran Mibinamet.flac,,33816576
/Volumes/dotad/MUSIC/Ziad Rahbani/(1997) Tabeh Lachi Tabeh Chi/Ziad Rahbani - (1997) Tabeh Lachi Tabeh Chi - 01-02. Bala Mokhein.flac,,33816576
/Volumes/dotad/MUSIC/Ziad Rahbani/(1997) Tabeh Lachi Tabeh Chi/Ziad Rahbani - (1997) Tabeh Lachi Tabeh Chi - 01-04. Mehen.flac,,33816576
/Volumes/dotad/MUSIC/Ziad Rahbani/(2008) أنا مش كافر/Ziad Rahbani - (2008) أنا مش كافر - 02. شو هالأيام.flac,,33816576
/Volumes/dotad/MUSIC/Ziad Rahbani/(2008) أنا مش كافر/Ziad Rahbani - (2008) أنا مش كافر - 08. باهنيك.flac,,33816576
/Volumes/dotad/MUSIC/Ziad Rahbani/(2010) Bennesbeh Labokra Chou/Ziad Rahbani - (2010) Bennesbeh Labokra Chou - 09. Aayesh Wahda Balak.flac,,33816576
/Volumes/dotad/MUSIC/Ziggy Marley/(2016) Ziggy Marley/Ziggy Marley - (2016) Ziggy Marley - 02. Better Together.flac,,33816576
"/Volumes/dotad/MUSIC/Zoot Woman/(2001) Living in a Magazine/Zoot Woman - (2001) Living in a Magazine - 05. Nobody Knows, Part One.flac",,33816576
/Volumes/dotad/MUSIC/k-os/(2002) Exit/k-os - (2002) Exit - 13. Heaven Only Knows (Remix).flac,,33816576
/Volumes/dotad/MUSIC/Pink Floyd/(2019) The Later Years/Pink Floyd - (2019) The Later Years - 04-06. Blues 1 (1994 recording).flac,,118488576
/Volumes/dotad/MUSIC/Red Hot Chili Peppers/(2014) The Studio Album Collection 1991-2011/Red Hot Chili Peppers - (2014) The Studio Album Collection 1991-2011 - 01-13. Apache Rose Peacock.flac,,118488576
/Volumes/dotad/MUSIC/Red Hot Chili Peppers/(2014) The Studio Album Collection 1991-2011/Red Hot Chili Peppers - (2014) The Studio Album Collection 1991-2011 - 02-09. Tearjerker.flac,,118488576
/Volumes/dotad/MUSIC/The National/(2013) Trouble Will Find Me/The National - (2013) Trouble Will Find Me - 03. Don't Swallow the Cap.flac,,118488576
/Volumes/dotad/MUSIC/The Third Mind/(2020) The Third Mind/The Third Mind - (2020) The Third Mind - 04. Morning Dew.flac,,118488576
"/Volumes/dotad/MUSIC/Pleasure  Zen/(2001) Remixes, Part 1/Pleasure  Zen - (2001) Remixes, Part 1 - 01. Ripcord (Twisted Individual remix).flac",,52428800
/Volumes/dotad/MUSIC/Taylor Swift/(2020) folklore/Taylor Swift - (2020) folklore - 04. exile.flac,,52428800
/Volumes/dotad/MUSIC/The Juan MacLean/(2005) Give Me Every Little Thing/The Juan MacLean - (2005) Give Me Every Little Thing - 04. Give Me Every Little Thing (Putsch 79 Disco Dub).flac,,52428800
/Volumes/dotad/MUSIC/The KDMS/(2010) High Wire/The KDMS - (2010) High Wire - 06. High Wire (D-Pulse dub).flac,,52428800
/Volumes/dotad/MUSIC/Various Artists/(2017) 4 To The Floor presents Slip 'n' Slide/Various Artists - (2017) 4 To The Floor presents Slip 'n' Slide - 11. Cult Of Soul.flac,,52428800
"/Volumes/dotad/MUSIC/Various Artists/(2020) Summer of 2020, Vol. 1/Various Artists - (2020) Summer of 2020, Vol. 1 - 19. Port of Call.flac",,52428800
/Volumes/dotad/MUSIC/Various Artists/(2020) Unbroken Dreams Of Light/Various Artists - (2020) Unbroken Dreams Of Light - 03. 5.flac,,52428800
/Volumes/dotad/MUSIC/Pretenders/(1984) Learning to Crawl/Pretenders - (1984) Learning to Crawl - 10. 2000 Miles.flac,,101711872
/Volumes/dotad/MUSIC/Red Hot Chili Peppers/(2014) The Studio Album Collection 1991-2011/Red Hot Chili Peppers - (2014) The Studio Album Collection 1991-2011 - 01-02. If You Have to Ask.flac,,101711872
/Volumes/dotad/MUSIC/Rufus Wainwright/(2023) Folkocracy/Rufus Wainwright - (2023) Folkocracy - 09. High on a Rocky Ledge.flac,,101711872
/Volumes/dotad/MUSIC/Various Artists/(2022) Igloo 8/Various Artists - (2022) Igloo 8 - 02. R2Bling2.flac,,101711872
"/Volumes/dotad/MUSIC/Primal Scream/(2021) The Screamadelica 12"" Singles/Primal Scream - (2021) The Screamadelica 12"" Singles - 01. Loaded.flac",,47185408
/Volumes/dotad/MUSIC/Soulforge/(2011) Dreamfast (single)/Soulforge - (2011) Dreamfast (single) - 02. Dreamfast (Laidback Mix).flac,,47185408
/Volumes/dotad/MUSIC/Soulwax/(2017) From Deewee/Soulwax - (2017) From Deewee - 05. Is It Always Binary.flac,,47185408
/Volumes/dotad/MUSIC/Prins Thomas/(2015) Paradise Goulash/Prins Thomas - (2015) Paradise Goulash - 02-08. Glowworm.flac,,42991104
/Volumes/dotad/MUSIC/Prins Thomas/(2017) Edmond/Prins Thomas - (2017) Edmond - 02. Edmond (Part 2).flac,,42991104
"/Volumes/dotad/MUSIC/Yehudi Menuhin/(2016) The Menuhin Century/Yehudi Menuhin - (2016) The Menuhin Century - 31-03. Violin Concerto in D, op. 61: III. Rondo: Allegro.flac",,42991104
/Volumes/dotad/MUSIC/Prins Thomas/(2016) Principe Del Norte Remixed/Prins Thomas - (2016) Principe Del Norte Remixed - 02-06. K (original version).flac,,39583232
/Volumes/dotad/MUSIC/seastate/(2019) On My Mind (single)/seastate - (2019) On My Mind (single) - 01. On My Mind.flac,,39583232
/Volumes/dotad/MUSIC/Prins Thomas/(2016) Principe del norte/Prins Thomas - (2016) Principe del norte - 02-02. F.flac,,51380224
"/Volumes/dotad/MUSIC/Sergei Rachmaninoff;Artur Pizarro, Fritz Kreisler, Franz Behr, Georges Bizet, Felix Mendelssohn, Johann Sebastian Bach, Franz Schubert, Nikolai Rimsky-Korsakov, Modest Mussorgsky & John Stafford Smith/(2015) Complete Piano Works, Vol. 3/Sergei Rachmaninoff;Artur Pizarro, Fritz Kreisler, Franz Behr, Georges Bizet, Felix Mendelssohn, Johann Sebastian Bach, Franz Schubert, Nikolai Rimsky-Korsakov, Modest Mussorgsky & John Stafford Smith - (2015) Complete Piano Works, Vol. 3 - 03-07. Fu.flac",,51380224
/Volumes/dotad/MUSIC/Shannon and the Clams/(2024) The Moon Is in the Wrong Place/Shannon and the Clams - (2024) The Moon Is in the Wrong Place - 02. The Hourglass.flac,,51380224
/Volumes/dotad/MUSIC/Prins Thomas/(2016) Toransu EP/Prins Thomas - (2016) Toransu EP - 01. Meiro.flac,,56623104
/Volumes/dotad/MUSIC/Rufus Wainwright/(2007) Rufus Does Judy at Carnegie Hall/Rufus Wainwright - (2007) Rufus Does Judy at Carnegie Hall - 02-09. Medley: You Made Me Love You  For Me and My Gal  The Trolley Song.flac,,56623104
"/Volumes/dotad/MUSIC/Soul Clap, Greg Paulus & John Camp/(2025) Weekend at Barnies/Soul Clap, Greg Paulus & John Camp - (2025) Weekend at Barnies - 02. Scorpius Maximus.flac",,56623104
/Volumes/dotad/MUSIC/Vendredi sur Mer/(XXXX) Sextended versions/Vendredi sur Mer - (XXXX) Sextended versions - 01. Comment tu vas finir (Extended).flac,,56623104
/Volumes/dotad/MUSIC/Prins Thomas/(2017) Paradise Goulash/Prins Thomas - (2017) Paradise Goulash - 16. Upekah.flac,,55574528
/Volumes/dotad/MUSIC/Purple Disco Machine/(2017) Body Funk/Purple Disco Machine - (2017) Body Funk - 01. Body Funk (extended mix).flac,,55574528
/Volumes/dotad/MUSIC/Various Artists/(2018) 80's Symphonic/Various Artists - (2018) 80's Symphonic - 09. Holding Back the Years (symphonic version).flac,,55574528
/Volumes/dotad/MUSIC/Purple Disco Machine/(2015) Purple Pianos EP/Purple Disco Machine - (2015) Purple Pianos EP - 02. Where We Belong.flac,,44040192
/Volumes/dotad/MUSIC/Pépite/(2019) Virages/Pépite - (2019) Virages - 11. Silence radio.flac,,44040192
/Volumes/dotad/MUSIC/Rufus Wainwright/(2014) Vibrate: The Best of Rufus Wainwright/Rufus Wainwright - (2014) Vibrate: The Best of Rufus Wainwright - 01-13. Go or Go Ahead.flac,,44040192
/Volumes/dotad/MUSIC/Purple Disco Machine/(2015) Purple Pianos EP/Purple Disco Machine - (2015) Purple Pianos EP - 04. Song for O.flac,,48233984
/Volumes/dotad/MUSIC/VanJess/(2021) Homegrown/VanJess - (2021) Homegrown - 04. Curious.flac,,48233984
/Volumes/dotad/MUSIC/Wham!/(2023) The Singles: Echoes from the Edge of Heaven/Wham! - (2023) The Singles: Echoes from the Edge of Heaven - 06-02. Wake Me Up Before You Go-Go (instrumental).flac,,48233984
/Volumes/dotad/MUSIC/R.E.M./(1992) Automatic for the People/R.E.M. - (1992) Automatic for the People - 09. Star Me Kitten.flac,,84934656
/Volumes/dotad/MUSIC/Rufus Wainwright/(2007) Rufus Does Judy at Carnegie Hall/Rufus Wainwright - (2007) Rufus Does Judy at Carnegie Hall - 02-08. Stormy Weather.flac,,84934656
/Volumes/dotad/MUSIC/Various Artists/(2020) Unbroken Dreams Of Light/Various Artists - (2020) Unbroken Dreams Of Light - 07. Deadass.flac,,84934656
/Volumes/dotad/MUSIC/Rick James/(2010) Garden of Love/Rick James - (2010) Garden of Love - 01. Big Time.flac,,48234496
/Volumes/dotad/MUSIC/múm/(2019) Yesterday Was Dramatic - Today Is OK/múm - (2019) Yesterday Was Dramatic - Today Is OK - 01-01. I'm 9 Today.flac,,48234496
/Volumes/dotad/MUSIC/Robert Hood/(2013) Drive (The Age Of Automation) Ø [Phase] Remixes/Robert Hood - (2013) Drive (The Age Of Automation) Ø [Phase] Remixes - 01. Drive (The Age Of Automation).flac,,39058944
/Volumes/dotad/MUSIC/Sevdaliza/(2023) Nothing Lasts Forever/Sevdaliza - (2023) Nothing Lasts Forever - 01. Nothing Lasts Forever (with Grimes) (KIKI Remix).flac,,39058944
/Volumes/dotad/MUSIC/Rufus Wainwright/(2007) Release the Stars/Rufus Wainwright - (2007) Release the Stars - 12. Release the Stars.flac,,35343872
/Volumes/dotad/MUSIC/YACHT/(2022) See Mystery Lights: Remixes & B-Sides/YACHT - (2022) See Mystery Lights: Remixes & B-Sides - 09. The Afterlife (May Ling version).flac,,35343872
/Volumes/dotad/MUSIC/Rufus Wainwright/(2014) Vibrate: The Best of Rufus Wainwright/Rufus Wainwright - (2014) Vibrate: The Best of Rufus Wainwright - 01-07. Poses.flac,,30359040
/Volumes/dotad/MUSIC/Ziad Rahbani/(2008) أنا مش كافر/Ziad Rahbani - (2008) أنا مش كافر - 05. يساعد و يعين.flac,,30359040
/Volumes/dotad/MUSIC/Rufus Wainwright/(2014) Vibrate: The Best of Rufus Wainwright/Rufus Wainwright - (2014) Vibrate: The Best of Rufus Wainwright - 01-18. Tiergarten.flac,,24399360
/Volumes/dotad/MUSIC/XXXTENTACION/(2018) ?/XXXTENTACION - (2018) ? - 14. I don't even speak spanish lol.flac,,24399360
/Volumes/dotad/MUSIC/Rufus Wainwright/(2014) Vibrate: The Best of Rufus Wainwright/Rufus Wainwright - (2014) Vibrate: The Best of Rufus Wainwright - 02-07. WWIII.flac,,29736448
/Volumes/dotad/MUSIC/Texas/(2001) The Greatest Hits/Texas - (2001) The Greatest Hits - 05. Inner Smile.flac,,29736448
"/Volumes/dotad/MUSIC/Rufus Wainwright/(2014) Vibrate: The Best of Rufus Wainwright/Rufus Wainwright - (2014) Vibrate: The Best of Rufus Wainwright - 02-11. Do It Again (live at Kenwood House, 3 July 2010).flac",,23432704
"/Volumes/dotad/MUSIC/Rufus Wainwright/(2014) Vibrate: The Best of Rufus Wainwright/Rufus Wainwright - (2014) Vibrate: The Best of Rufus Wainwright - 02-13. Memphis Skyline (live at Kenwood House, 3 July 2010).flac",,23432704
/Volumes/dotad/MUSIC/Zola Jesus/(2011) Conatus/Zola Jesus - (2011) Conatus - 04. Hikikomori.flac,,23432704
"/Volumes/dotad/MUSIC/Rufus Wainwright/(2014) Vibrate: The Best of Rufus Wainwright/Rufus Wainwright - (2014) Vibrate: The Best of Rufus Wainwright - 02-14. Martha (live at Kenwood House, 3 July 2010).flac",,17039360
/Volumes/dotad/MUSIC/Steve Lacy/(2019) Apollo XXI/Steve Lacy - (2019) Apollo XXI - 05. Guide.flac,,17039360
/Volumes/dotad/MUSIC/Steve Lacy/(2019) Apollo XXI/Steve Lacy - (2019) Apollo XXI - 06. Lay Me down.flac,,17039360
/Volumes/dotad/MUSIC/Steve Lacy/(2019) Apollo XXI/Steve Lacy - (2019) Apollo XXI - 07. Hate CD.flac,,17039360
/Volumes/dotad/MUSIC/The Jacksons/(2010) Dancing Machine/The Jacksons - (2010) Dancing Machine - 04. Dancing Machine.flac,,17039360
/Volumes/dotad/MUSIC/The Orb/(1991) The Orb's Adventures Beyond the Ultraworld/The Orb - (1991) The Orb's Adventures Beyond the Ultraworld - 01-01. Little Fluffy Clouds.flac,,17039360
/Volumes/dotad/MUSIC/The Roots/(2004) The Tipping Point/The Roots - (2004) The Tipping Point - 03. Don't Say Nuthin'.flac,,17039360
/Volumes/dotad/MUSIC/The Roots/(2004) The Tipping Point/The Roots - (2004) The Tipping Point - 06. Web.flac,,17039360
/Volumes/dotad/MUSIC/The Roots/(2004) The Tipping Point/The Roots - (2004) The Tipping Point - 07. Boom!.flac,,17039360
/Volumes/dotad/MUSIC/The Shoes/(2011) Crack My Bones/The Shoes - (2011) Crack My Bones - 01. Stay the Same.flac,,17039360
/Volumes/dotad/MUSIC/The Shortwave Set/(2008) Replica Sun Machine/The Shortwave Set - (2008) Replica Sun Machine - 02. Glitches 'n' Bugs.flac,,17039360
/Volumes/dotad/MUSIC/The Tremeloes/(1998) The Best of The Tremeloes: Silence Is Golden/The Tremeloes - (1998) The Best of The Tremeloes: Silence Is Golden - 03. Silence Is Golden.flac,,17039360
/Volumes/dotad/MUSIC/Tinashe/(2018) Throw a Fit/Tinashe - (2018) Throw a Fit - 01. Throw a Fit.flac,,17039360
/Volumes/dotad/MUSIC/Ursula 1000/(1999) Now Sound of Ursula 1000/Ursula 1000 - (1999) Now Sound of Ursula 1000 - 12. Soft Landing.flac,,17039360
/Volumes/dotad/MUSIC/Various Artists/(2016) Die Hit-Giganten: Best of French Classics/Various Artists - (2016) Die Hit-Giganten: Best of French Classics - 02-12. Le Métèque.flac,,17039360
/Volumes/dotad/MUSIC/Willie J Healey/(2015) HD Malibu EP/Willie J Healey - (2015) HD Malibu EP - 02. HD Malibu.flac,,17039360
/Volumes/dotad/MUSIC/Wolfgang Tillmans/(2024) Build From Here/Wolfgang Tillmans - (2024) Build From Here - 02. Regratitude.flac,,17039360
/Volumes/dotad/MUSIC/Wolfgang Tillmans/(2024) Build From Here/Wolfgang Tillmans - (2024) Build From Here - 11. Modernist Survival Unit.flac,,17039360
/Volumes/dotad/MUSIC/Yaya Bey/(2022) Remember Your North Star/Yaya Bey - (2022) Remember Your North Star - 16. mama loves her son.flac,,17039360
/Volumes/dotad/MUSIC/Ziad Rahbani/(1997) Tabeh Lachi Tabeh Chi/Ziad Rahbani - (1997) Tabeh Lachi Tabeh Chi - 01-05. Ma Fi Tari'a.flac,,17039360
/Volumes/dotad/MUSIC/Ziad Rahbani/(2010) Bennesbeh Labokra Chou/Ziad Rahbani - (2010) Bennesbeh Labokra Chou - 10. Mash-had Al Jareme.flac,,17039360
"/Volumes/dotad/MUSIC/Øfdream/(2017) Anthology, Pt. 1 EP/Øfdream - (2017) Anthology, Pt. 1 EP - 01. Thelema.flac",,17039360
/Volumes/dotad/MUSIC/Sainte Vie/(2019) From Desolate Places and Forgotten Times/Sainte Vie - (2019) From Desolate Places and Forgotten Times - 01. High Seas.flac,,64225280
/Volumes/dotad/MUSIC/Sebastian Mullaert/(2015) You're An Orchestra In The Cosmos/Sebastian Mullaert - (2015) You're An Orchestra In The Cosmos - 03. You're An Orchestra In The Cosmos (Joris Voorn Remix).flac,,64225280
/Volumes/dotad/MUSIC/Salif Keita/(2004) Madan/Salif Keita - (2004) Madan - 02. Madan Exotic (Martin Solveig Exotic Disco Mix).flac,,47447552
/Volumes/dotad/MUSIC/VanJess/(2021) Homegrown/VanJess - (2021) Homegrown - 02. Slow Down.flac,,47447552
/Volumes/dotad/MUSIC/Sam Davies/(2016) Sunbound/Sam Davies - (2016) Sunbound - 01. Sunbound.flac,,48496640
/Volumes/dotad/MUSIC/Schlindwein/(2019) Piano & Electronic Ensemble Op. 1/Schlindwein - (2019) Piano & Electronic Ensemble Op. 1 - 02. Sparks  (Uncut).flac,,48496640
/Volumes/dotad/MUSIC/The Black Keys/(2008) Attack & Release/The Black Keys - (2008) Attack & Release - 04. Psychotic Girl.flac,,48496640
/Volumes/dotad/MUSIC/Savage Garden/(2015) The Singles/Savage Garden - (2015) The Singles - 01-12. Affirmation.flac,,63176704
/Volumes/dotad/MUSIC/Sunny Day Real Estate/(2013) Diary (Remastered)/Sunny Day Real Estate - (2013) Diary (Remastered) - 01. Seven.flac,,63176704
/Volumes/dotad/MUSIC/Schlindwein/(2019) Piano & Electronic Ensemble Op. 1/Schlindwein - (2019) Piano & Electronic Ensemble Op. 1 - 05. Bloom  (Uncut).flac,,51641856
"/Volumes/dotad/MUSIC/Warda, Fairuz/(2000) East Queens/Warda, Fairuz - (2000) East Queens - 03. Wahashtoo Nee.flac",,51641856
/Volumes/dotad/MUSIC/Scoobert Doobert/(2021) Big Hug/Scoobert Doobert - (2021) Big Hug - 07. Heffalumps and Woozles.flac,,18782268
/Volumes/dotad/MUSIC/Scoobert Doobert/(2021) Big Hug/Scoobert Doobert - (2021) Big Hug - 15. Hold Up.flac,,18782268
/Volumes/dotad/MUSIC/Shania Twain/(1997) Come On Over/Shania Twain - (1997) Come On Over - 10. You're Still the One.flac,,84148224
/Volumes/dotad/MUSIC/TEED/(2023) When the Lights Go/TEED - (2023) When the Lights Go - 03-03. Blood In The Snow (Tibi Dabo Remix).flac,,84148224
/Volumes/dotad/MUSIC/Simple Minds/(1989) Street Fighting Years/Simple Minds - (1989) Street Fighting Years - 08. Mandela Day.flac,,41680896
/Volumes/dotad/MUSIC/The Anchoress/(2023) Love Will Tear Us Apart/The Anchoress - (2023) Love Will Tear Us Apart - 01. Love Will Tear Us Apart.flac,,41680896
/Volumes/dotad/MUSIC/Snarky Puppy/(2016) Culcha Vulcha/Snarky Puppy - (2016) Culcha Vulcha - 05. Beep Box.flac,,49020928
/Volumes/dotad/MUSIC/Various Artists/(2020) Unbroken Dreams Of Light/Various Artists - (2020) Unbroken Dreams Of Light - 12. Munki.flac,,49020928
/Volumes/dotad/MUSIC/Sonic Animation/(2002) Reality by Deception/Sonic Animation - (2002) Reality by Deception - 10. It's Time.flac,,50069504
/Volumes/dotad/MUSIC/salute/(2024) system (single)/salute - (2024) system (single) - 01. system.flac,,50069504
/Volumes/dotad/MUSIC/Soundtrack/(2010) Safarbarlek - Bint El Harass/Soundtrack - (2010) Safarbarlek - Bint El Harass - 13. L'Entrée Au Serail.flac,,8396288
/Volumes/dotad/MUSIC/Wolfgang Tillmans/(2024) Build From Here/Wolfgang Tillmans - (2024) Build From Here - 01. Where Does The Tune Hide?.flac,,8396288
/Volumes/dotad/MUSIC/Soundtrack/(2013) Songs From the God That Comes/Soundtrack - (2013) Songs From the God That Comes - 11. He's Mine.flac,,40107520
/Volumes/dotad/MUSIC/Ziad Rahbani/(1997) Tabeh Lachi Tabeh Chi/Ziad Rahbani - (1997) Tabeh Lachi Tabeh Chi - 02-07. Bassita.flac,,40107520
/Volumes/dotad/MUSIC/Soundtrack/(2024) Bob Marley: One Love (Music Inspired by the Film)/Soundtrack - (2024) Bob Marley: One Love (Music Inspired by the Film) - 07. Redemption Song.flac,,84409856
/Volumes/dotad/MUSIC/The Chemical Brothers/(2022) I Love Tekno (Alt Mix  41096)/The Chemical Brothers - (2022) I Love Tekno (Alt Mix  41096) - 01. I Love Tekno (alt mix  41096).flac,,84409856
/Volumes/dotad/MUSIC/The Obese Turtles/(2020) Happy Together/The Obese Turtles - (2020) Happy Together - 01. Happy Together.flac,,84409856
/Volumes/dotad/MUSIC/Steve Lacy/(2019) Apollo XXI/Steve Lacy - (2019) Apollo XXI - 04. Basement Jack.flac,,8650752
/Volumes/dotad/MUSIC/Steve Lacy/(2019) Apollo XXI/Steve Lacy - (2019) Apollo XXI - 08. In Lust We Trust....flac,,8650752
/Volumes/dotad/MUSIC/Steve Lacy/(2019) Apollo XXI/Steve Lacy - (2019) Apollo XXI - 10. Amandla's Interlude.flac,,8650752
"/Volumes/dotad/MUSIC/Stéphane Pompougnac/(2000) Hôtel Costes, Volume 3: Étage 3/Stéphane Pompougnac - (2000) Hôtel Costes, Volume 3: Étage 3 - 12. Cleopatra in New York.flac",,8650752
/Volumes/dotad/MUSIC/TEED/(2023) When the Lights Go/TEED - (2023) When the Lights Go - 01-10. Basement.flac,,8650752
/Volumes/dotad/MUSIC/The Irrepressibles/(2021) Superheroes (Deluxe Edition)/The Irrepressibles - (2021) Superheroes (Deluxe Edition) - 15. Let Go (Everybody Move Your Body Listen to Your Heart) [Tinlicker Remix 12 Inch Version].flac,,8650752
/Volumes/dotad/MUSIC/The Outsiders/(2017) The Golden Years of Dutch Pop Music (A&B Sides and More)/The Outsiders - (2017) The Golden Years of Dutch Pop Music (A&B Sides and More) - 01-07. Summer Is Here.flac,,8650752
"/Volumes/dotad/MUSIC/Wave Noises;Ocean Sounds;Nature Sounds/(2022) #01 Ocean Noises for Sleep, Relaxation, Wellness, Neighbor Noise/Wave Noises;Ocean Sounds;Nature Sounds - (2022) #01 Ocean Noises for Sleep, Relaxation, Wellness, Neighbor Noise - 75. Beach Waves for Kids.flac",,8650752
/Volumes/dotad/MUSIC/Willie Nelson/(2003) Yesterday's Wine/Willie Nelson - (2003) Yesterday's Wine - 06. Summer of Roses.flac,,8650752
/Volumes/dotad/MUSIC/Wolfgang Tillmans/(2024) Build From Here/Wolfgang Tillmans - (2024) Build From Here - 13. Not Telling A Friend.flac,,8650752
/Volumes/dotad/MUSIC/XXXTENTACION/(2018) ?/XXXTENTACION - (2018) ? - 17. schizophrenia.flac,,8650752
/Volumes/dotad/MUSIC/Ziad Rahbani/(2010) Bennesbeh Labokra Chou/Ziad Rahbani - (2010) Bennesbeh Labokra Chou - 08. Mash-had Zakaraya W Najeeb.flac,,8650752
/Volumes/dotad/MUSIC/Sufjan Stevens/(2023) Javelin/Sufjan Stevens - (2023) Javelin - 02. A Running Start.flac,,102299795
/Volumes/dotad/MUSIC/Sufjan Stevens/(2023) Javelin/Sufjan Stevens - (2023) Javelin - 07. So You Are Tired.flac,,102299795
/Volumes/dotad/MUSIC/Superdiesel  Perdu/(2019) Delightful Sounds to Boogie/Superdiesel  Perdu - (2019) Delightful Sounds to Boogie - 01. Ticket Nar de Zon (Prins Thomas Diskomiks - long version).flac,,50593792
/Volumes/dotad/MUSIC/The Notorious B.I.G./(2014) Life After Death (remastered edition)/The Notorious B.I.G. - (2014) Life After Death (remastered edition) - 13. Notorious Thugs.flac,,50593792
/Volumes/dotad/MUSIC/The Phantom Band/(2010) The Wants/The Phantom Band - (2010) The Wants - 04. The None of One.flac,,50593792
/Volumes/dotad/MUSIC/The Raveonettes/(2024) Sing.../The Raveonettes - (2024) Sing... - 06. Venus in Furs.flac,,50593792
/Volumes/dotad/MUSIC/Superdiesel  Perdu/(2019) Delightful Sounds to Boogie/Superdiesel  Perdu - (2019) Delightful Sounds to Boogie - 04. Yesterday's Tomorrow.flac,,42467328
/Volumes/dotad/MUSIC/Various Artists/(2014) Purobeach Oasis Del Mar Volumen Diez/Various Artists - (2014) Purobeach Oasis Del Mar Volumen Diez - 01-05. Nowt (Ron Basejam remix).flac,,42467328
/Volumes/dotad/MUSIC/Systematic vs. Thomas Gold/(2009) Don't Tell/Systematic vs. Thomas Gold - (2009) Don't Tell - 01. Don't Tell (club mix).flac,,50068992
/Volumes/dotad/MUSIC/Waze & Odyssey/(2012) 2 Cool 2 Clap/Waze & Odyssey - (2012) 2 Cool 2 Clap - 01. 2 Cool 2 Clap.flac,,50068992
/Volumes/dotad/MUSIC/TEED/(2023) When the Lights Go/TEED - (2023) When the Lights Go - 02-04. Emerald.flac,,27717120
/Volumes/dotad/MUSIC/feelswithcaps/(2020) Absence/feelswithcaps - (2020) Absence - 02. Powder.flac,,27717120
/Volumes/dotad/MUSIC/Tamer Nafar/(2017) Johnnie Mashi/Tamer Nafar - (2017) Johnnie Mashi - 01. Johnnie Mashi.flac,,33537536
/Volumes/dotad/MUSIC/Waze & Odyssey/(2012) I Want You You You (single)/Waze & Odyssey - (2012) I Want You You You (single) - 01. I Want You You You.flac,,33537536
/Volumes/dotad/MUSIC/Technasia & Green Velvet/(2015) Suga (single)/Technasia & Green Velvet - (2015) Suga (single) - 01. Suga.flac,,42729472
/Volumes/dotad/MUSIC/Thano Vessi/(2010) Heroin Panda/Thano Vessi - (2010) Heroin Panda - 04. Mellow4U.flac,,42729472
/Volumes/dotad/MUSIC/The Beach Boys/(2012) That's Why God Made the Radio/The Beach Boys - (2012) That's Why God Made the Radio - 04. Spring Vacation.flac,,40631808
/Volumes/dotad/MUSIC/The iDEALIST/(2006) I Am the Fire/The iDEALIST - (2006) I Am the Fire - 01. The Knives Are My Eyes.flac,,40631808
/Volumes/dotad/MUSIC/The Jacksons/(1984) Victory/The Jacksons - (1984) Victory - 01. Torture.flac,,61865984
/Volumes/dotad/MUSIC/The Synaptik/(2021) Al Qamar Wal Moheet/The Synaptik - (2021) Al Qamar Wal Moheet - 01. Ela Al Manara (Intro).flac,,61865984
/Volumes/dotad/MUSIC/Various Artists/(2023) The Endless Coloured Ways: The Songs of Nick Drake/Various Artists - (2023) The Endless Coloured Ways: The Songs of Nick Drake - 01-02. 'Cello Song.flac,,61865984
/Volumes/dotad/MUSIC/Willie Nelson/(2024) The Border/Willie Nelson - (2024) The Border - 03. What If I'm Out of My Mind.flac,,61865984
/Volumes/dotad/MUSIC/The Roots/(2004) The Tipping Point/The Roots - (2004) The Tipping Point - 01. StarPointro.flac,,42205184
/Volumes/dotad/MUSIC/The S.O.S. Band/(1984) Just The Way You Like It/The S.O.S. Band - (1984) Just The Way You Like It - 01. No One's Gonna Love You.flac,,42205184
"/Volumes/dotad/MUSIC/The Secret, . Act 2 You Shame Me for What/(1982) Geniuses of World Music/The Secret, . Act 2 You Shame Me for What - (1982) Geniuses of World Music - 12. Oh, the Delusional Thinking.flac",,42205184
/Volumes/dotad/MUSIC/The Synaptik/(2021) Al Qamar Wal Moheet/The Synaptik - (2021) Al Qamar Wal Moheet - 07. Ren Ren.flac,,42205184
/Volumes/dotad/MUSIC/Tosca/(2000) Suzuki/Tosca - (2000) Suzuki - 03. Annanas.flac,,42205184
/Volumes/dotad/MUSIC/Worakls/(2015) Toi  Cerisier Blanc EP/Worakls - (2015) Toi  Cerisier Blanc EP - 01. Toi.flac,,42205184
/Volumes/dotad/MUSIC/The Smile/(2024) Cutouts/The Smile - (2024) Cutouts - 05. Eyes & Mouth.flac,,42599590
/Volumes/dotad/MUSIC/The Smile/(2024) Cutouts/The Smile - (2024) Cutouts - 08. The Slip.flac,,42599590
/Volumes/dotad/MUSIC/The Synaptik/(2024) Al Taman/The Synaptik - (2024) Al Taman - 02. 9YGLYB.flac,,17606747
/Volumes/dotad/MUSIC/The Synaptik/(2024) Al Taman/The Synaptik - (2024) Al Taman - 06. Buss Shouf (Interlude).flac,,17606747
/Volumes/dotad/MUSIC/The Synaptik/(2024) Al Taman/The Synaptik - (2024) Al Taman - 14. Ya Neyal Samawati.flac,,17606747
/Volumes/dotad/MUSIC/The Synaptik/(2024) Al Taman/The Synaptik - (2024) Al Taman - 16. Besmek.flac,,17606747
/Volumes/dotad/MUSIC/The Synaptik/(2024) Al Taman/The Synaptik - (2024) Al Taman - 19. Aweha (Outro).flac,,17606747
/Volumes/dotad/MUSIC/The Synaptik/(2024) Al Taman/The Synaptik - (2024) Al Taman - 04. Montana7osna.flac,,17606760
/Volumes/dotad/MUSIC/The Synaptik/(2024) Al Taman/The Synaptik - (2024) Al Taman - 20. Shababeek.flac,,17606760
/Volumes/dotad/MUSIC/The Synaptik/(2024) Al Taman/The Synaptik - (2024) Al Taman - 11. 3ala Toul.flac,,17606740
/Volumes/dotad/MUSIC/The Synaptik/(2024) Al Taman/The Synaptik - (2024) Al Taman - 15. Tiji Ana Weyaki ?.flac,,17606740
/Volumes/dotad/MUSIC/Tinlicker & Dosem/(2021) Hypnotised  I Can Feel/Tinlicker & Dosem - (2021) Hypnotised  I Can Feel - 01. Hypnotised.flac,,45350400
/Volumes/dotad/MUSIC/YACHT/(2015) I Thought the Future Would Be Cooler (single)/YACHT - (2015) I Thought the Future Would Be Cooler (single) - 01. I Thought the Future Would Be Cooler.flac,,45350400
/Volumes/dotad/MUSIC/Umm Kulthum/(2000) The Classics/Umm Kulthum - (2000) The Classics - 04. Min elli a'al.flac,,24157696
/Volumes/dotad/MUSIC/YACHT/(2022) See Mystery Lights: Remixes & B-Sides/YACHT - (2022) See Mystery Lights: Remixes & B-Sides - 05. The Afterlife (radio edit).flac,,24157696
/Volumes/dotad/MUSIC/VanJess/(2021) Homegrown/VanJess - (2021) Homegrown - 05. DYSFUNCTIONAL.flac,,51379712
/Volumes/dotad/MUSIC/Vox Low/(2015) Something Is Wrong/Vox Low - (2015) Something Is Wrong - 01. Something Is Wrong.flac,,51379712
/Volumes/dotad/MUSIC/YACHT/(2022) See Mystery Lights: Remixes & B-Sides/YACHT - (2022) See Mystery Lights: Remixes & B-Sides - 10. Waste of Time (dub).flac,,51379712
/Volumes/dotad/MUSIC/Various Artists/(1999) Round One to Round Five: 1993-99 Main Street Records/Various Artists - (1999) Round One to Round Five: 1993-99 Main Street Records - 09. Found a Way.flac,,44302336
/Volumes/dotad/MUSIC/Various Artists/(2009) OM 15: Celebrating 15 Years Of OM Records/Various Artists - (2009) OM 15: Celebrating 15 Years Of OM Records - 01-08. Chapter Two.flac,,44302336
/Volumes/dotad/MUSIC/Various Artists/(2009) OM 15: Celebrating 15 Years Of OM Records/Various Artists - (2009) OM 15: Celebrating 15 Years Of OM Records - 01-02. The Latest.flac,,40370176
/Volumes/dotad/MUSIC/WhoMadeWho/(2022) Silence & Secrets (Frank Wiedemann Version)/WhoMadeWho - (2022) Silence & Secrets (Frank Wiedemann Version) - 01. Silence & Secrets (Frank Wiedemann Version).flac,,40370176
/Volumes/dotad/MUSIC/YACHT/(2022) See Mystery Lights: Remixes & B-Sides/YACHT - (2022) See Mystery Lights: Remixes & B-Sides - 08. The Afterlife (Joy Electric remix).flac,,40370176
/Volumes/dotad/MUSIC/Various Artists/(2020) Unbroken Dreams Of Light/Various Artists - (2020) Unbroken Dreams Of Light - 02. Ruby Rod.flac,,51118080
"/Volumes/dotad/MUSIC/Whirlpool Productions/(2006) From: Disco To: Disco, Part 2/Whirlpool Productions - (2006) From: Disco To: Disco, Part 2 - 02. From: Disco To: Disco (Trick & Kubic remix).flac",,51118080
/Volumes/dotad/MUSIC/Various Artists/(2022) House Old School (The Origins of the House Music New Remixes)/Various Artists - (2022) House Old School (The Origins of the House Music New Remixes) - 10. Tribalika.flac,,41156096
/Volumes/dotad/MUSIC/Warpaint/(2011) The Fool/Warpaint - (2011) The Fool - 01-03. Undertow.flac,,41156096
/Volumes/dotad/MUSIC/Various Artists/(2024) Electrordon/Various Artists - (2024) Electrordon - 01. Sa3da.flac,,49544704
/Volumes/dotad/MUSIC/WhoMadeWho/(2015) There's a Way (Remixes)/WhoMadeWho - (2015) There's a Way (Remixes) - 01. There's a Way (andhim remix).flac,,49544704
/Volumes/dotad/MUSIC/Ziad Rahbani/(2010) Bennesbeh Labokra Chou/Ziad Rahbani - (2010) Bennesbeh Labokra Chou - 05. Oghneyat Al Bostah.flac,,49544704
/Volumes/dotad/MUSIC/Wael Jassar/(2024) كل وعد/Wael Jassar - (2024) كل وعد - 01. كل وعد.flac,,45350912
/Volumes/dotad/MUSIC/Worakls/(2021) Nikki & Entrudo Remixes/Worakls - (2021) Nikki & Entrudo Remixes - 02. Entrudo (Booka Shade Remix).flac,,45350912
/Volumes/dotad/MUSIC/WhoMadeWho/(2015) There's a Way (Remixes)/WhoMadeWho - (2015) There's a Way (Remixes) - 03. There's a Way (T.M.A remix).flac,,52428288
/Volumes/dotad/MUSIC/Yan Wagner/(2017) This Never Happened/Yan Wagner - (2017) This Never Happened - 01. This Never Happened.flac,,52428288
/Volumes/dotad/MUSIC/Wolfgang Tillmans/(2024) Build From Here/Wolfgang Tillmans - (2024) Build From Here - 14. Language.flac,,28659200
/Volumes/dotad/MUSIC/nuages/(2022) follow (single)/nuages - (2022) follow (single) - 01. follow.flac,,28659200
/Volumes/dotad/MUSIC/Woolfy vs. Projections/(2009) Neeve EP/Woolfy vs. Projections - (2009) Neeve EP - 03. Isabella.flac,,27635200
/Volumes/dotad/MUSIC/YACHT/(2022) See Mystery Lights: Remixes & B-Sides/YACHT - (2022) See Mystery Lights: Remixes & B-Sides - 03. Psychic City (Joe Goddard remix).flac,,27635200
/Volumes/dotad/MUSIC/Ziad Bourji/(XXXX) W Btir - Single/Ziad Bourji - (XXXX) W Btir - Single - 01. W Btir.flac,,52690944
/Volumes/dotad/MUSIC/Zoot Woman/(2003) Grey Day (single)/Zoot Woman - (2003) Grey Day (single) - 02. Grey Day (Paper Faces mix).flac,,52690944
