04deb180d220bbf9adb5bbe9035ebddd	/Volumes/dotad/MUSIC/The Cure/(2017) Acoustic Hits/The Cure - (2017) Acoustic Hits - 01-02. A Forest.flac
05674a0d0b20b10f04cfd2e25b7f5a28	/Volumes/dotad/MUSIC/Zedbazi/(2019) Zedbazi/Zedbazi - (2019) Zedbazi - 21. Taze Shuru-E Zendegimoone.flac
084a49738684080fa0e3e1c5ec5b7890	/Volumes/dotad/MUSIC/The Blessed Madonna/(2024) Godspeed/The Blessed Madonna - (2024) Godspeed - 05. Jinterlude.flac
091212ae596825412ba8c166706d311b	/Volumes/dotad/MUSIC/The Lemonheads/(2022) It's a Shame About Ray/The Lemonheads - (2022) It's a Shame About Ray - 13. Mrs Robinson.flac
0a54ae1aaa42a69e8192c6eac321fa81	/Volumes/dotad/MUSIC/Four Tet/(2001) Pause/Four Tet - (2001) Pause - 08. No More Mosquitoes.flac
0d2ef5a16ae5446aed221ef44ae5d5e9	/Volumes/dotad/MUSIC/The Cure/(2017) Acoustic Hits/The Cure - (2017) Acoustic Hits - 02-02. Never Enough.flac
0d53cffd9ad6b140df5ff5952cf20939	/Volumes/dotad/MUSIC/The Cure/(2025) Mixes of a Lost World/The Cure - (2025) Mixes of a Lost World - 01. I Can Never Say Goodbye (Paul Oakenfold "Cinematic" remix).flac
13b6fca7e66985df23c307d70f0bc9e3	/Volumes/dotad/MUSIC/Soulwax/(2018) ESSENTIAL/Soulwax - (2018) ESSENTIAL - 10. Essential Ten.flac
14735078e492e7e2c0cab0dcc8245a30	/Volumes/dotad/MUSIC/Sex Pistols/(1992) Kiss This/Sex Pistols - (1992) Kiss This - 19. My Way.flac
16a302af7d30c95787b631713960aed8	/Volumes/dotad/MUSIC/The Cure/(2017) Acoustic Hits/The Cure - (2017) Acoustic Hits - 01-04. The Walk.flac
16c132bc6d4c0826d1245a79cf48d873	/Volumes/dotad/MUSIC/Soulwax/(2018) ESSENTIAL/Soulwax - (2018) ESSENTIAL - 12. Essential Twelve.flac
17ca566da2960ead198fca129684c0db	/Volumes/dotad/MUSIC/Zedbazi/(2019) Zedbazi/Zedbazi - (2019) Zedbazi - 19. Tabestoon Kootahe.flac
1863bdbd946a6ec83e1799db3d3483d6	/Volumes/dotad/MUSIC/Four Tet/(2001) Pause/Four Tet - (2001) Pause - 11. Hilarious Movie of the 90's.flac
1943a3b7a1cb240a2e9b2f20ab4c7106	/Volumes/dotad/MUSIC/Vintage & Morelli/(2016) Daydream/Vintage & Morelli - (2016) Daydream - 02. Daydream (Shingo Nakamura Remix).flac
1a115c07d66595026b504534c79add87	/Volumes/dotad/MUSIC/The National feat. Bon Iver/(2022) Weird Goodbyes/The National feat. Bon Iver - (2022) Weird Goodbyes - 01. Weird Goodbyes.flac
